2026-07-28T08:13:56.019+07:00  INFO 24052 --- [library-management] [main] c.e.l.LibraryManagementApplication       : Starting LibraryManagementApplication using Java 23.0.2 with PID 24052 (C:\Users\baona\Desktop\School\25-26\Co-op 26\TT Viettel\Project\TT_Viettel_Software-Library_Management\be\target\classes started by baona in C:\Users\baona\Desktop\School\25-26\Co-op 26\TT Viettel\Project\TT_Viettel_Software-Library_Management\be)
2026-07-28T08:13:56.029+07:00  INFO 24052 --- [library-management] [main] c.e.l.LibraryManagementApplication       : No active profile set, falling back to 1 default profile: "default"
2026-07-28T08:13:57.247+07:00  INFO 24052 --- [library-management] [main] .s.d.r.c.RepositoryConfigurationDelegate : Bootstrapping Spring Data JPA repositories in DEFAULT mode.
2026-07-28T08:13:57.431+07:00  INFO 24052 --- [library-management] [main] .s.d.r.c.RepositoryConfigurationDelegate : Finished Spring Data repository scanning in 168 ms. Found 9 JPA repository interfaces.
2026-07-28T08:13:59.708+07:00  INFO 24052 --- [library-management] [main] o.s.boot.tomcat.TomcatWebServer          : Tomcat initialized with port 8080 (http)
2026-07-28T08:13:59.739+07:00  INFO 24052 --- [library-management] [main] o.apache.catalina.core.StandardService   : Starting service [Tomcat]
2026-07-28T08:13:59.740+07:00  INFO 24052 --- [library-management] [main] o.apache.catalina.core.StandardEngine    : Starting Servlet engine: [Apache Tomcat/11.0.21]
2026-07-28T08:13:59.879+07:00  INFO 24052 --- [library-management] [main] b.w.c.s.WebApplicationContextInitializer : Root WebApplicationContext: initialization completed in 3782 ms
2026-07-28T08:14:00.192+07:00  INFO 24052 --- [library-management] [main] org.hibernate.orm.jpa                    : HHH008540: Processing PersistenceUnitInfo [name: default]
2026-07-28T08:14:00.352+07:00  INFO 24052 --- [library-management] [main] org.hibernate.orm.core                   : HHH000001: Hibernate ORM core version 7.2.12.Final
2026-07-28T08:14:01.831+07:00  INFO 24052 --- [library-management] [main] o.s.o.j.p.SpringPersistenceUnitInfo      : No LoadTimeWeaver setup: ignoring JPA class transformer
2026-07-28T08:14:01.895+07:00  INFO 24052 --- [library-management] [main] com.zaxxer.hikari.HikariDataSource       : HikariPool-1 - Starting...
2026-07-28T08:14:02.848+07:00  INFO 24052 --- [library-management] [main] com.zaxxer.hikari.pool.HikariPool        : HikariPool-1 - Added connection com.mysql.cj.jdbc.ConnectionImpl@c29b0dc
2026-07-28T08:14:02.852+07:00  INFO 24052 --- [library-management] [main] com.zaxxer.hikari.HikariDataSource       : HikariPool-1 - Start completed.
2026-07-28T08:14:03.046+07:00  INFO 24052 --- [library-management] [main] org.hibernate.orm.connections.pooling    : HHH10001005: Database info:
	Database JDBC URL [jdbc:mysql://localhost:3306/library_db?zeroDateTimeBehavior=CONVERT_TO_NULL]
	Database driver: MySQL Connector/J
	Database dialect: MySQLDialect
	Database version: 8.0.39
	Default catalog/schema: library_db/undefined
	Autocommit mode: undefined/unknown
	Isolation level: REPEATABLE_READ [default REPEATABLE_READ]
	JDBC fetch size: none
	Pool: DataSourceConnectionProvider
	Minimum pool size: undefined/unknown
	Maximum pool size: undefined/unknown
2026-07-28T08:14:04.928+07:00  INFO 24052 --- [library-management] [main] org.hibernate.orm.core                   : HHH000489: No JTA platform available (set 'hibernate.transaction.jta.platform' to enable JTA platform integration)
2026-07-28T08:14:05.102+07:00  INFO 24052 --- [library-management] [main] j.LocalContainerEntityManagerFactoryBean : Initialized JPA EntityManagerFactory for persistence unit 'default'
2026-07-28T08:14:05.387+07:00  INFO 24052 --- [library-management] [main] o.s.d.j.r.query.QueryEnhancerFactories   : Hibernate is in classpath; If applicable, HQL parser will be used.
2026-07-28T08:14:06.870+07:00  INFO 24052 --- [library-management] [main] eAuthenticationProviderManagerConfigurer : Global AuthenticationManager configured with AuthenticationProvider bean with name authenticationProvider
2026-07-28T08:14:06.873+07:00  WARN 24052 --- [library-management] [main] r$InitializeUserDetailsManagerConfigurer : Global AuthenticationManager configured with an AuthenticationProvider bean. UserDetailsService beans will not be used by Spring Security for automatically configuring username/password login. Consider removing the AuthenticationProvider bean. Alternatively, consider using the UserDetailsService in a manually instantiated DaoAuthenticationProvider. If the current configuration is intentional, to turn off this warning, increase the logging level of 'org.springframework.security.config.annotation.authentication.configuration.InitializeUserDetailsBeanManagerConfigurer' to ERROR
2026-07-28T08:14:09.677+07:00  WARN 24052 --- [library-management] [main] JpaBaseConfiguration$JpaWebConfiguration : spring.jpa.open-in-view is enabled by default. Therefore, database queries may be performed during view rendering. Explicitly configure spring.jpa.open-in-view to disable this warning
2026-07-28T08:14:11.055+07:00  INFO 24052 --- [library-management] [main] o.s.boot.tomcat.TomcatWebServer          : Tomcat started on port 8080 (http) with context path '/api'
2026-07-28T08:14:11.068+07:00  INFO 24052 --- [library-management] [main] c.e.l.LibraryManagementApplication       : Started LibraryManagementApplication in 15.632 seconds (process running for 16.804)
2026-07-28T08:14:23.410+07:00  INFO 24052 --- [library-management] [http-nio-8080-exec-1] o.a.c.c.C.[Tomcat].[localhost].[/api]    : Initializing Spring DispatcherServlet 'dispatcherServlet'
2026-07-28T08:14:23.410+07:00  INFO 24052 --- [library-management] [http-nio-8080-exec-1] o.s.web.servlet.DispatcherServlet        : Initializing Servlet 'dispatcherServlet'
2026-07-28T08:14:23.414+07:00  INFO 24052 --- [library-management] [http-nio-8080-exec-1] o.s.web.servlet.DispatcherServlet        : Completed initialization in 4 ms
2026-07-28T08:14:31.401+07:00  INFO 24052 --- [library-management] [http-nio-8080-exec-4] c.e.library_management.util.AuditLogger  : [SYSTEM] Authorized @tyler, ID #1
2026-07-28T08:14:31.766+07:00  WARN 24052 --- [library-management] [http-nio-8080-exec-10] ration$PageModule$WarningLoggingModifier : Serializing PageImpl instances as-is is not supported, meaning that there is no guarantee about the stability of the resulting JSON structure!
	For a stable JSON structure, please use Spring Data's PagedModel (globally via @EnableSpringDataWebSupport(pageSerializationMode = VIA_DTO))
	or Spring HATEOAS and Spring Data's PagedResourcesAssembler as documented in https://docs.spring.io/spring-data/commons/reference/repositories/core-extensions.html#core.web.pageables.

2026-07-28T08:15:14.277+07:00  INFO 24052 --- [library-management] [http-nio-8080-exec-7] c.e.library_management.util.AuditLogger  : [tyler] Returned borrow ID #3
2026-07-28T08:15:22.565+07:00  INFO 24052 --- [library-management] [http-nio-8080-exec-1] c.e.library_management.util.AuditLogger  : [tyler] Returned borrow ID #10
2026-07-28T08:27:16.776+07:00  INFO 24052 --- [library-management] [http-nio-8080-exec-9] c.e.library_management.util.AuditLogger  : [SYSTEM] Authorized @tyler, ID #1
2026-07-28T08:29:49.107+07:00  INFO 24052 --- [library-management] [http-nio-8080-exec-4] c.e.library_management.util.AuditLogger  : [SYSTEM] Authorized @tyler, ID #1
2026-07-28T08:31:08.943+07:00  INFO 24052 --- [library-management] [http-nio-8080-exec-2] c.e.library_management.util.AuditLogger  : [tyler] Logged out @tyler
2026-07-28T08:31:15.965+07:00  INFO 24052 --- [library-management] [http-nio-8080-exec-3] c.e.library_management.util.AuditLogger  : [SYSTEM] Authorized @tyler, ID #1
2026-07-28T08:44:16.806+07:00  INFO 24052 --- [library-management] [SpringApplicationShutdownHook] o.s.boot.tomcat.GracefulShutdown         : Commencing graceful shutdown. Waiting for active requests to complete
2026-07-28T08:44:16.825+07:00  INFO 24052 --- [library-management] [tomcat-shutdown] o.s.boot.tomcat.GracefulShutdown         : Graceful shutdown complete
2026-07-28T08:44:16.843+07:00  INFO 24052 --- [library-management] [SpringApplicationShutdownHook] j.LocalContainerEntityManagerFactoryBean : Closing JPA EntityManagerFactory for persistence unit 'default'
2026-07-28T08:44:16.865+07:00  INFO 24052 --- [library-management] [SpringApplicationShutdownHook] com.zaxxer.hikari.HikariDataSource       : HikariPool-1 - Shutdown initiated...
2026-07-28T08:44:16.871+07:00  INFO 24052 --- [library-management] [SpringApplicationShutdownHook] com.zaxxer.hikari.HikariDataSource       : HikariPool-1 - Shutdown completed.
2026-07-28T08:44:24.600+07:00  INFO 23300 --- [library-management] [main] c.e.l.LibraryManagementApplication       : Starting LibraryManagementApplication using Java 23.0.2 with PID 23300 (C:\Users\baona\Desktop\School\25-26\Co-op 26\TT Viettel\Project\TT_Viettel_Software-Library_Management\be\target\classes started by baona in C:\Users\baona\Desktop\School\25-26\Co-op 26\TT Viettel\Project\TT_Viettel_Software-Library_Management\be)
2026-07-28T08:44:24.602+07:00  INFO 23300 --- [library-management] [main] c.e.l.LibraryManagementApplication       : No active profile set, falling back to 1 default profile: "default"
2026-07-28T08:44:25.690+07:00  INFO 23300 --- [library-management] [main] .s.d.r.c.RepositoryConfigurationDelegate : Bootstrapping Spring Data JPA repositories in DEFAULT mode.
2026-07-28T08:44:25.796+07:00  INFO 23300 --- [library-management] [main] .s.d.r.c.RepositoryConfigurationDelegate : Finished Spring Data repository scanning in 100 ms. Found 9 JPA repository interfaces.
2026-07-28T08:44:26.511+07:00  INFO 23300 --- [library-management] [main] o.s.boot.tomcat.TomcatWebServer          : Tomcat initialized with port 8080 (http)
2026-07-28T08:44:26.533+07:00  INFO 23300 --- [library-management] [main] o.apache.catalina.core.StandardService   : Starting service [Tomcat]
2026-07-28T08:44:26.534+07:00  INFO 23300 --- [library-management] [main] o.apache.catalina.core.StandardEngine    : Starting Servlet engine: [Apache Tomcat/11.0.21]
2026-07-28T08:44:26.625+07:00  INFO 23300 --- [library-management] [main] b.w.c.s.WebApplicationContextInitializer : Root WebApplicationContext: initialization completed in 1952 ms
2026-07-28T08:44:26.850+07:00  INFO 23300 --- [library-management] [main] org.hibernate.orm.jpa                    : HHH008540: Processing PersistenceUnitInfo [name: default]
2026-07-28T08:44:26.941+07:00  INFO 23300 --- [library-management] [main] org.hibernate.orm.core                   : HHH000001: Hibernate ORM core version 7.2.12.Final
2026-07-28T08:44:27.677+07:00  INFO 23300 --- [library-management] [main] o.s.o.j.p.SpringPersistenceUnitInfo      : No LoadTimeWeaver setup: ignoring JPA class transformer
2026-07-28T08:44:27.742+07:00  INFO 23300 --- [library-management] [main] com.zaxxer.hikari.HikariDataSource       : HikariPool-1 - Starting...
2026-07-28T08:44:28.461+07:00  INFO 23300 --- [library-management] [main] com.zaxxer.hikari.pool.HikariPool        : HikariPool-1 - Added connection com.mysql.cj.jdbc.ConnectionImpl@379b4e86
2026-07-28T08:44:28.468+07:00  INFO 23300 --- [library-management] [main] com.zaxxer.hikari.HikariDataSource       : HikariPool-1 - Start completed.
2026-07-28T08:44:28.667+07:00  INFO 23300 --- [library-management] [main] org.hibernate.orm.connections.pooling    : HHH10001005: Database info:
	Database JDBC URL [jdbc:mysql://localhost:3306/library_db?zeroDateTimeBehavior=CONVERT_TO_NULL]
	Database driver: MySQL Connector/J
	Database dialect: MySQLDialect
	Database version: 8.0.39
	Default catalog/schema: library_db/undefined
	Autocommit mode: undefined/unknown
	Isolation level: REPEATABLE_READ [default REPEATABLE_READ]
	JDBC fetch size: none
	Pool: DataSourceConnectionProvider
	Minimum pool size: undefined/unknown
	Maximum pool size: undefined/unknown
2026-07-28T08:44:30.800+07:00  INFO 23300 --- [library-management] [main] org.hibernate.orm.core                   : HHH000489: No JTA platform available (set 'hibernate.transaction.jta.platform' to enable JTA platform integration)
2026-07-28T08:44:30.936+07:00  INFO 23300 --- [library-management] [main] j.LocalContainerEntityManagerFactoryBean : Initialized JPA EntityManagerFactory for persistence unit 'default'
2026-07-28T08:44:31.062+07:00  INFO 23300 --- [library-management] [main] o.s.d.j.r.query.QueryEnhancerFactories   : Hibernate is in classpath; If applicable, HQL parser will be used.
2026-07-28T08:44:31.738+07:00  INFO 23300 --- [library-management] [main] eAuthenticationProviderManagerConfigurer : Global AuthenticationManager configured with AuthenticationProvider bean with name authenticationProvider
2026-07-28T08:44:31.739+07:00  WARN 23300 --- [library-management] [main] r$InitializeUserDetailsManagerConfigurer : Global AuthenticationManager configured with an AuthenticationProvider bean. UserDetailsService beans will not be used by Spring Security for automatically configuring username/password login. Consider removing the AuthenticationProvider bean. Alternatively, consider using the UserDetailsService in a manually instantiated DaoAuthenticationProvider. If the current configuration is intentional, to turn off this warning, increase the logging level of 'org.springframework.security.config.annotation.authentication.configuration.InitializeUserDetailsBeanManagerConfigurer' to ERROR
2026-07-28T08:44:34.040+07:00  WARN 23300 --- [library-management] [main] JpaBaseConfiguration$JpaWebConfiguration : spring.jpa.open-in-view is enabled by default. Therefore, database queries may be performed during view rendering. Explicitly configure spring.jpa.open-in-view to disable this warning
2026-07-28T08:44:35.075+07:00  INFO 23300 --- [library-management] [main] o.s.boot.tomcat.TomcatWebServer          : Tomcat started on port 8080 (http) with context path '/api'
2026-07-28T08:44:35.090+07:00  INFO 23300 --- [library-management] [main] c.e.l.LibraryManagementApplication       : Started LibraryManagementApplication in 11.135 seconds (process running for 11.765)
2026-07-28T08:45:36.205+07:00  INFO 23300 --- [library-management] [http-nio-8080-exec-1] o.a.c.c.C.[Tomcat].[localhost].[/api]    : Initializing Spring DispatcherServlet 'dispatcherServlet'
2026-07-28T08:45:36.205+07:00  INFO 23300 --- [library-management] [http-nio-8080-exec-1] o.s.web.servlet.DispatcherServlet        : Initializing Servlet 'dispatcherServlet'
2026-07-28T08:45:36.207+07:00  INFO 23300 --- [library-management] [http-nio-8080-exec-1] o.s.web.servlet.DispatcherServlet        : Completed initialization in 2 ms
2026-07-28T08:45:37.104+07:00  INFO 23300 --- [library-management] [http-nio-8080-exec-1] c.e.library_management.util.AuditLogger  : [SYSTEM] Authorized @tyler, ID #1
2026-07-28T08:46:42.117+07:00 ERROR 23300 --- [library-management] [http-nio-8080-exec-5] c.e.l.exception.GlobalExceptionHandler   : Exception code 500: No argument for named parameter ':user'
2026-07-28T08:46:59.217+07:00  INFO 23300 --- [library-management] [SpringApplicationShutdownHook] o.s.boot.tomcat.GracefulShutdown         : Commencing graceful shutdown. Waiting for active requests to complete
2026-07-28T08:46:59.224+07:00  INFO 23300 --- [library-management] [tomcat-shutdown] o.s.boot.tomcat.GracefulShutdown         : Graceful shutdown complete
2026-07-28T08:46:59.229+07:00  INFO 23300 --- [library-management] [SpringApplicationShutdownHook] j.LocalContainerEntityManagerFactoryBean : Closing JPA EntityManagerFactory for persistence unit 'default'
2026-07-28T08:46:59.230+07:00  INFO 23300 --- [library-management] [SpringApplicationShutdownHook] com.zaxxer.hikari.HikariDataSource       : HikariPool-1 - Shutdown initiated...
2026-07-28T08:46:59.241+07:00  INFO 23300 --- [library-management] [SpringApplicationShutdownHook] com.zaxxer.hikari.HikariDataSource       : HikariPool-1 - Shutdown completed.
2026-07-28T08:47:02.906+07:00  INFO 22392 --- [library-management] [main] c.e.l.LibraryManagementApplication       : Starting LibraryManagementApplication using Java 23.0.2 with PID 22392 (C:\Users\baona\Desktop\School\25-26\Co-op 26\TT Viettel\Project\TT_Viettel_Software-Library_Management\be\target\classes started by baona in C:\Users\baona\Desktop\School\25-26\Co-op 26\TT Viettel\Project\TT_Viettel_Software-Library_Management\be)
2026-07-28T08:47:02.908+07:00  INFO 22392 --- [library-management] [main] c.e.l.LibraryManagementApplication       : No active profile set, falling back to 1 default profile: "default"
2026-07-28T08:47:03.597+07:00  INFO 22392 --- [library-management] [main] .s.d.r.c.RepositoryConfigurationDelegate : Bootstrapping Spring Data JPA repositories in DEFAULT mode.
2026-07-28T08:47:03.660+07:00  INFO 22392 --- [library-management] [main] .s.d.r.c.RepositoryConfigurationDelegate : Finished Spring Data repository scanning in 57 ms. Found 9 JPA repository interfaces.
2026-07-28T08:47:04.171+07:00  INFO 22392 --- [library-management] [main] o.s.boot.tomcat.TomcatWebServer          : Tomcat initialized with port 8080 (http)
2026-07-28T08:47:04.182+07:00  INFO 22392 --- [library-management] [main] o.apache.catalina.core.StandardService   : Starting service [Tomcat]
2026-07-28T08:47:04.182+07:00  INFO 22392 --- [library-management] [main] o.apache.catalina.core.StandardEngine    : Starting Servlet engine: [Apache Tomcat/11.0.21]
2026-07-28T08:47:04.222+07:00  INFO 22392 --- [library-management] [main] b.w.c.s.WebApplicationContextInitializer : Root WebApplicationContext: initialization completed in 1263 ms
2026-07-28T08:47:04.328+07:00  INFO 22392 --- [library-management] [main] org.hibernate.orm.jpa                    : HHH008540: Processing PersistenceUnitInfo [name: default]
2026-07-28T08:47:04.369+07:00  INFO 22392 --- [library-management] [main] org.hibernate.orm.core                   : HHH000001: Hibernate ORM core version 7.2.12.Final
2026-07-28T08:47:04.702+07:00  INFO 22392 --- [library-management] [main] o.s.o.j.p.SpringPersistenceUnitInfo      : No LoadTimeWeaver setup: ignoring JPA class transformer
2026-07-28T08:47:04.726+07:00  INFO 22392 --- [library-management] [main] com.zaxxer.hikari.HikariDataSource       : HikariPool-1 - Starting...
2026-07-28T08:47:05.043+07:00  INFO 22392 --- [library-management] [main] com.zaxxer.hikari.pool.HikariPool        : HikariPool-1 - Added connection com.mysql.cj.jdbc.ConnectionImpl@62410e1f
2026-07-28T08:47:05.045+07:00  INFO 22392 --- [library-management] [main] com.zaxxer.hikari.HikariDataSource       : HikariPool-1 - Start completed.
2026-07-28T08:47:05.102+07:00  INFO 22392 --- [library-management] [main] org.hibernate.orm.connections.pooling    : HHH10001005: Database info:
	Database JDBC URL [jdbc:mysql://localhost:3306/library_db?zeroDateTimeBehavior=CONVERT_TO_NULL]
	Database driver: MySQL Connector/J
	Database dialect: MySQLDialect
	Database version: 8.0.39
	Default catalog/schema: library_db/undefined
	Autocommit mode: undefined/unknown
	Isolation level: REPEATABLE_READ [default REPEATABLE_READ]
	JDBC fetch size: none
	Pool: DataSourceConnectionProvider
	Minimum pool size: undefined/unknown
	Maximum pool size: undefined/unknown
2026-07-28T08:47:05.935+07:00  INFO 22392 --- [library-management] [main] org.hibernate.orm.core                   : HHH000489: No JTA platform available (set 'hibernate.transaction.jta.platform' to enable JTA platform integration)
2026-07-28T08:47:06.005+07:00  INFO 22392 --- [library-management] [main] j.LocalContainerEntityManagerFactoryBean : Initialized JPA EntityManagerFactory for persistence unit 'default'
2026-07-28T08:47:06.055+07:00  INFO 22392 --- [library-management] [main] o.s.d.j.r.query.QueryEnhancerFactories   : Hibernate is in classpath; If applicable, HQL parser will be used.
2026-07-28T08:47:06.331+07:00  INFO 22392 --- [library-management] [main] eAuthenticationProviderManagerConfigurer : Global AuthenticationManager configured with AuthenticationProvider bean with name authenticationProvider
2026-07-28T08:47:06.332+07:00  WARN 22392 --- [library-management] [main] r$InitializeUserDetailsManagerConfigurer : Global AuthenticationManager configured with an AuthenticationProvider bean. UserDetailsService beans will not be used by Spring Security for automatically configuring username/password login. Consider removing the AuthenticationProvider bean. Alternatively, consider using the UserDetailsService in a manually instantiated DaoAuthenticationProvider. If the current configuration is intentional, to turn off this warning, increase the logging level of 'org.springframework.security.config.annotation.authentication.configuration.InitializeUserDetailsBeanManagerConfigurer' to ERROR
2026-07-28T08:47:07.392+07:00  WARN 22392 --- [library-management] [main] JpaBaseConfiguration$JpaWebConfiguration : spring.jpa.open-in-view is enabled by default. Therefore, database queries may be performed during view rendering. Explicitly configure spring.jpa.open-in-view to disable this warning
2026-07-28T08:47:07.863+07:00  INFO 22392 --- [library-management] [main] o.s.boot.tomcat.TomcatWebServer          : Tomcat started on port 8080 (http) with context path '/api'
2026-07-28T08:47:07.871+07:00  INFO 22392 --- [library-management] [main] c.e.l.LibraryManagementApplication       : Started LibraryManagementApplication in 5.376 seconds (process running for 5.781)
2026-07-28T08:47:10.498+07:00  INFO 22392 --- [library-management] [http-nio-8080-exec-1] o.a.c.c.C.[Tomcat].[localhost].[/api]    : Initializing Spring DispatcherServlet 'dispatcherServlet'
2026-07-28T08:47:10.499+07:00  INFO 22392 --- [library-management] [http-nio-8080-exec-1] o.s.web.servlet.DispatcherServlet        : Initializing Servlet 'dispatcherServlet'
2026-07-28T08:47:10.500+07:00  INFO 22392 --- [library-management] [http-nio-8080-exec-1] o.s.web.servlet.DispatcherServlet        : Completed initialization in 1 ms
2026-07-28T08:47:11.159+07:00  WARN 22392 --- [library-management] [http-nio-8080-exec-1] ration$PageModule$WarningLoggingModifier : Serializing PageImpl instances as-is is not supported, meaning that there is no guarantee about the stability of the resulting JSON structure!
	For a stable JSON structure, please use Spring Data's PagedModel (globally via @EnableSpringDataWebSupport(pageSerializationMode = VIA_DTO))
	or Spring HATEOAS and Spring Data's PagedResourcesAssembler as documented in https://docs.spring.io/spring-data/commons/reference/repositories/core-extensions.html#core.web.pageables.

2026-07-28T08:53:01.601+07:00  INFO 22392 --- [library-management] [SpringApplicationShutdownHook] o.s.boot.tomcat.GracefulShutdown         : Commencing graceful shutdown. Waiting for active requests to complete
2026-07-28T08:53:01.609+07:00  INFO 22392 --- [library-management] [tomcat-shutdown] o.s.boot.tomcat.GracefulShutdown         : Graceful shutdown complete
2026-07-28T08:53:01.615+07:00  INFO 22392 --- [library-management] [SpringApplicationShutdownHook] j.LocalContainerEntityManagerFactoryBean : Closing JPA EntityManagerFactory for persistence unit 'default'
2026-07-28T08:53:01.617+07:00  INFO 22392 --- [library-management] [SpringApplicationShutdownHook] com.zaxxer.hikari.HikariDataSource       : HikariPool-1 - Shutdown initiated...
2026-07-28T08:53:01.624+07:00  INFO 22392 --- [library-management] [SpringApplicationShutdownHook] com.zaxxer.hikari.HikariDataSource       : HikariPool-1 - Shutdown completed.
2026-07-28T08:53:05.814+07:00  INFO 13116 --- [library-management] [main] c.e.l.LibraryManagementApplication       : Starting LibraryManagementApplication using Java 23.0.2 with PID 13116 (C:\Users\baona\Desktop\School\25-26\Co-op 26\TT Viettel\Project\TT_Viettel_Software-Library_Management\be\target\classes started by baona in C:\Users\baona\Desktop\School\25-26\Co-op 26\TT Viettel\Project\TT_Viettel_Software-Library_Management\be)
2026-07-28T08:53:05.818+07:00  INFO 13116 --- [library-management] [main] c.e.l.LibraryManagementApplication       : No active profile set, falling back to 1 default profile: "default"
2026-07-28T08:53:06.566+07:00  INFO 13116 --- [library-management] [main] .s.d.r.c.RepositoryConfigurationDelegate : Bootstrapping Spring Data JPA repositories in DEFAULT mode.
2026-07-28T08:53:06.630+07:00  INFO 13116 --- [library-management] [main] .s.d.r.c.RepositoryConfigurationDelegate : Finished Spring Data repository scanning in 58 ms. Found 9 JPA repository interfaces.
2026-07-28T08:53:07.170+07:00  INFO 13116 --- [library-management] [main] o.s.boot.tomcat.TomcatWebServer          : Tomcat initialized with port 8080 (http)
2026-07-28T08:53:07.181+07:00  INFO 13116 --- [library-management] [main] o.apache.catalina.core.StandardService   : Starting service [Tomcat]
2026-07-28T08:53:07.182+07:00  INFO 13116 --- [library-management] [main] o.apache.catalina.core.StandardEngine    : Starting Servlet engine: [Apache Tomcat/11.0.21]
2026-07-28T08:53:07.224+07:00  INFO 13116 --- [library-management] [main] b.w.c.s.WebApplicationContextInitializer : Root WebApplicationContext: initialization completed in 1344 ms
2026-07-28T08:53:07.334+07:00  INFO 13116 --- [library-management] [main] org.hibernate.orm.jpa                    : HHH008540: Processing PersistenceUnitInfo [name: default]
2026-07-28T08:53:07.387+07:00  INFO 13116 --- [library-management] [main] org.hibernate.orm.core                   : HHH000001: Hibernate ORM core version 7.2.12.Final
2026-07-28T08:53:07.753+07:00  INFO 13116 --- [library-management] [main] o.s.o.j.p.SpringPersistenceUnitInfo      : No LoadTimeWeaver setup: ignoring JPA class transformer
2026-07-28T08:53:07.781+07:00  INFO 13116 --- [library-management] [main] com.zaxxer.hikari.HikariDataSource       : HikariPool-1 - Starting...
2026-07-28T08:53:08.119+07:00  INFO 13116 --- [library-management] [main] com.zaxxer.hikari.pool.HikariPool        : HikariPool-1 - Added connection com.mysql.cj.jdbc.ConnectionImpl@379b4e86
2026-07-28T08:53:08.120+07:00  INFO 13116 --- [library-management] [main] com.zaxxer.hikari.HikariDataSource       : HikariPool-1 - Start completed.
2026-07-28T08:53:08.185+07:00  INFO 13116 --- [library-management] [main] org.hibernate.orm.connections.pooling    : HHH10001005: Database info:
	Database JDBC URL [jdbc:mysql://localhost:3306/library_db?zeroDateTimeBehavior=CONVERT_TO_NULL]
	Database driver: MySQL Connector/J
	Database dialect: MySQLDialect
	Database version: 8.0.39
	Default catalog/schema: library_db/undefined
	Autocommit mode: undefined/unknown
	Isolation level: REPEATABLE_READ [default REPEATABLE_READ]
	JDBC fetch size: none
	Pool: DataSourceConnectionProvider
	Minimum pool size: undefined/unknown
	Maximum pool size: undefined/unknown
2026-07-28T08:53:09.118+07:00  INFO 13116 --- [library-management] [main] org.hibernate.orm.core                   : HHH000489: No JTA platform available (set 'hibernate.transaction.jta.platform' to enable JTA platform integration)
2026-07-28T08:53:09.196+07:00  INFO 13116 --- [library-management] [main] j.LocalContainerEntityManagerFactoryBean : Initialized JPA EntityManagerFactory for persistence unit 'default'
2026-07-28T08:53:09.243+07:00  INFO 13116 --- [library-management] [main] o.s.d.j.r.query.QueryEnhancerFactories   : Hibernate is in classpath; If applicable, HQL parser will be used.
2026-07-28T08:53:09.566+07:00  INFO 13116 --- [library-management] [main] eAuthenticationProviderManagerConfigurer : Global AuthenticationManager configured with AuthenticationProvider bean with name authenticationProvider
2026-07-28T08:53:09.566+07:00  WARN 13116 --- [library-management] [main] r$InitializeUserDetailsManagerConfigurer : Global AuthenticationManager configured with an AuthenticationProvider bean. UserDetailsService beans will not be used by Spring Security for automatically configuring username/password login. Consider removing the AuthenticationProvider bean. Alternatively, consider using the UserDetailsService in a manually instantiated DaoAuthenticationProvider. If the current configuration is intentional, to turn off this warning, increase the logging level of 'org.springframework.security.config.annotation.authentication.configuration.InitializeUserDetailsBeanManagerConfigurer' to ERROR
2026-07-28T08:53:10.705+07:00  WARN 13116 --- [library-management] [main] JpaBaseConfiguration$JpaWebConfiguration : spring.jpa.open-in-view is enabled by default. Therefore, database queries may be performed during view rendering. Explicitly configure spring.jpa.open-in-view to disable this warning
2026-07-28T08:53:11.172+07:00  INFO 13116 --- [library-management] [main] o.s.boot.tomcat.TomcatWebServer          : Tomcat started on port 8080 (http) with context path '/api'
2026-07-28T08:53:11.179+07:00  INFO 13116 --- [library-management] [main] c.e.l.LibraryManagementApplication       : Started LibraryManagementApplication in 5.796 seconds (process running for 6.214)
2026-07-28T08:53:17.559+07:00  INFO 13116 --- [library-management] [http-nio-8080-exec-1] o.a.c.c.C.[Tomcat].[localhost].[/api]    : Initializing Spring DispatcherServlet 'dispatcherServlet'
2026-07-28T08:53:17.559+07:00  INFO 13116 --- [library-management] [http-nio-8080-exec-1] o.s.web.servlet.DispatcherServlet        : Initializing Servlet 'dispatcherServlet'
2026-07-28T08:53:17.561+07:00  INFO 13116 --- [library-management] [http-nio-8080-exec-1] o.s.web.servlet.DispatcherServlet        : Completed initialization in 2 ms
2026-07-28T08:53:18.317+07:00  WARN 13116 --- [library-management] [http-nio-8080-exec-4] ration$PageModule$WarningLoggingModifier : Serializing PageImpl instances as-is is not supported, meaning that there is no guarantee about the stability of the resulting JSON structure!
	For a stable JSON structure, please use Spring Data's PagedModel (globally via @EnableSpringDataWebSupport(pageSerializationMode = VIA_DTO))
	or Spring HATEOAS and Spring Data's PagedResourcesAssembler as documented in https://docs.spring.io/spring-data/commons/reference/repositories/core-extensions.html#core.web.pageables.

2026-07-28T09:20:12.382+07:00 ERROR 13116 --- [library-management] [http-nio-8080-exec-4] c.e.l.exception.GlobalExceptionHandler   : Exception code 500: No property 'name' found for type 'User'
2026-07-28T09:20:20.972+07:00 ERROR 13116 --- [library-management] [http-nio-8080-exec-9] c.e.l.exception.GlobalExceptionHandler   : Exception code 500: No property 'name' found for type 'User'
2026-07-28T09:20:58.305+07:00 ERROR 13116 --- [library-management] [http-nio-8080-exec-3] c.e.l.exception.GlobalExceptionHandler   : Exception code 500: No property 'name' found for type 'User'
2026-07-28T09:22:02.388+07:00 ERROR 13116 --- [library-management] [http-nio-8080-exec-1] c.e.l.exception.GlobalExceptionHandler   : Exception code 500: No property 'name' found for type 'User'
2026-07-28T09:23:27.469+07:00  INFO 13116 --- [library-management] [http-nio-8080-exec-6] c.e.library_management.util.AuditLogger  : [SYSTEM] Authorized @tyler, ID #1
2026-07-28T09:23:55.590+07:00  INFO 13116 --- [library-management] [SpringApplicationShutdownHook] o.s.boot.tomcat.GracefulShutdown         : Commencing graceful shutdown. Waiting for active requests to complete
2026-07-28T09:23:55.611+07:00  INFO 13116 --- [library-management] [tomcat-shutdown] o.s.boot.tomcat.GracefulShutdown         : Graceful shutdown complete
2026-07-28T09:23:55.645+07:00  INFO 13116 --- [library-management] [SpringApplicationShutdownHook] j.LocalContainerEntityManagerFactoryBean : Closing JPA EntityManagerFactory for persistence unit 'default'
2026-07-28T09:23:55.708+07:00  INFO 13116 --- [library-management] [SpringApplicationShutdownHook] com.zaxxer.hikari.HikariDataSource       : HikariPool-1 - Shutdown initiated...
2026-07-28T09:23:55.720+07:00  INFO 13116 --- [library-management] [SpringApplicationShutdownHook] com.zaxxer.hikari.HikariDataSource       : HikariPool-1 - Shutdown completed.
2026-07-28T09:24:00.827+07:00  INFO 58124 --- [library-management] [main] c.e.l.LibraryManagementApplication       : Starting LibraryManagementApplication using Java 23.0.2 with PID 58124 (C:\Users\baona\Desktop\School\25-26\Co-op 26\TT Viettel\Project\TT_Viettel_Software-Library_Management\be\target\classes started by baona in C:\Users\baona\Desktop\School\25-26\Co-op 26\TT Viettel\Project\TT_Viettel_Software-Library_Management\be)
2026-07-28T09:24:00.831+07:00  INFO 58124 --- [library-management] [main] c.e.l.LibraryManagementApplication       : No active profile set, falling back to 1 default profile: "default"
2026-07-28T09:24:01.686+07:00  INFO 58124 --- [library-management] [main] .s.d.r.c.RepositoryConfigurationDelegate : Bootstrapping Spring Data JPA repositories in DEFAULT mode.
2026-07-28T09:24:01.758+07:00  INFO 58124 --- [library-management] [main] .s.d.r.c.RepositoryConfigurationDelegate : Finished Spring Data repository scanning in 65 ms. Found 9 JPA repository interfaces.
2026-07-28T09:24:02.379+07:00  INFO 58124 --- [library-management] [main] o.s.boot.tomcat.TomcatWebServer          : Tomcat initialized with port 8080 (http)
2026-07-28T09:24:02.391+07:00  INFO 58124 --- [library-management] [main] o.apache.catalina.core.StandardService   : Starting service [Tomcat]
2026-07-28T09:24:02.391+07:00  INFO 58124 --- [library-management] [main] o.apache.catalina.core.StandardEngine    : Starting Servlet engine: [Apache Tomcat/11.0.21]
2026-07-28T09:24:02.434+07:00  INFO 58124 --- [library-management] [main] b.w.c.s.WebApplicationContextInitializer : Root WebApplicationContext: initialization completed in 1546 ms
2026-07-28T09:24:02.553+07:00  INFO 58124 --- [library-management] [main] org.hibernate.orm.jpa                    : HHH008540: Processing PersistenceUnitInfo [name: default]
2026-07-28T09:24:02.623+07:00  INFO 58124 --- [library-management] [main] org.hibernate.orm.core                   : HHH000001: Hibernate ORM core version 7.2.12.Final
2026-07-28T09:24:03.023+07:00  INFO 58124 --- [library-management] [main] o.s.o.j.p.SpringPersistenceUnitInfo      : No LoadTimeWeaver setup: ignoring JPA class transformer
2026-07-28T09:24:03.057+07:00  INFO 58124 --- [library-management] [main] com.zaxxer.hikari.HikariDataSource       : HikariPool-1 - Starting...
2026-07-28T09:24:03.447+07:00  INFO 58124 --- [library-management] [main] com.zaxxer.hikari.pool.HikariPool        : HikariPool-1 - Added connection com.mysql.cj.jdbc.ConnectionImpl@3093b9ff
2026-07-28T09:24:03.449+07:00  INFO 58124 --- [library-management] [main] com.zaxxer.hikari.HikariDataSource       : HikariPool-1 - Start completed.
2026-07-28T09:24:03.538+07:00  INFO 58124 --- [library-management] [main] org.hibernate.orm.connections.pooling    : HHH10001005: Database info:
	Database JDBC URL [jdbc:mysql://localhost:3306/library_db?zeroDateTimeBehavior=CONVERT_TO_NULL]
	Database driver: MySQL Connector/J
	Database dialect: MySQLDialect
	Database version: 8.0.39
	Default catalog/schema: library_db/undefined
	Autocommit mode: undefined/unknown
	Isolation level: REPEATABLE_READ [default REPEATABLE_READ]
	JDBC fetch size: none
	Pool: DataSourceConnectionProvider
	Minimum pool size: undefined/unknown
	Maximum pool size: undefined/unknown
2026-07-28T09:24:04.685+07:00  INFO 58124 --- [library-management] [main] org.hibernate.orm.core                   : HHH000489: No JTA platform available (set 'hibernate.transaction.jta.platform' to enable JTA platform integration)
2026-07-28T09:24:04.793+07:00  INFO 58124 --- [library-management] [main] j.LocalContainerEntityManagerFactoryBean : Initialized JPA EntityManagerFactory for persistence unit 'default'
2026-07-28T09:24:04.860+07:00  INFO 58124 --- [library-management] [main] o.s.d.j.r.query.QueryEnhancerFactories   : Hibernate is in classpath; If applicable, HQL parser will be used.
2026-07-28T09:24:05.189+07:00  INFO 58124 --- [library-management] [main] eAuthenticationProviderManagerConfigurer : Global AuthenticationManager configured with AuthenticationProvider bean with name authenticationProvider
2026-07-28T09:24:05.189+07:00  WARN 58124 --- [library-management] [main] r$InitializeUserDetailsManagerConfigurer : Global AuthenticationManager configured with an AuthenticationProvider bean. UserDetailsService beans will not be used by Spring Security for automatically configuring username/password login. Consider removing the AuthenticationProvider bean. Alternatively, consider using the UserDetailsService in a manually instantiated DaoAuthenticationProvider. If the current configuration is intentional, to turn off this warning, increase the logging level of 'org.springframework.security.config.annotation.authentication.configuration.InitializeUserDetailsBeanManagerConfigurer' to ERROR
2026-07-28T09:24:06.376+07:00  WARN 58124 --- [library-management] [main] JpaBaseConfiguration$JpaWebConfiguration : spring.jpa.open-in-view is enabled by default. Therefore, database queries may be performed during view rendering. Explicitly configure spring.jpa.open-in-view to disable this warning
2026-07-28T09:24:06.899+07:00  INFO 58124 --- [library-management] [main] o.s.boot.tomcat.TomcatWebServer          : Tomcat started on port 8080 (http) with context path '/api'
2026-07-28T09:24:06.907+07:00  INFO 58124 --- [library-management] [main] c.e.l.LibraryManagementApplication       : Started LibraryManagementApplication in 6.649 seconds (process running for 7.157)
2026-07-28T09:24:06.910+07:00  INFO 58124 --- [library-management] [SpringApplicationShutdownHook] o.s.boot.tomcat.GracefulShutdown         : Commencing graceful shutdown. Waiting for active requests to complete
2026-07-28T09:24:06.918+07:00  INFO 58124 --- [library-management] [tomcat-shutdown] o.s.boot.tomcat.GracefulShutdown         : Graceful shutdown complete
2026-07-28T09:24:06.922+07:00  INFO 58124 --- [library-management] [SpringApplicationShutdownHook] j.LocalContainerEntityManagerFactoryBean : Closing JPA EntityManagerFactory for persistence unit 'default'
2026-07-28T09:24:06.924+07:00  INFO 58124 --- [library-management] [SpringApplicationShutdownHook] com.zaxxer.hikari.HikariDataSource       : HikariPool-1 - Shutdown initiated...
2026-07-28T09:24:06.929+07:00  INFO 58124 --- [library-management] [SpringApplicationShutdownHook] com.zaxxer.hikari.HikariDataSource       : HikariPool-1 - Shutdown completed.
2026-07-28T09:24:10.175+07:00  INFO 50400 --- [library-management] [main] c.e.l.LibraryManagementApplication       : Starting LibraryManagementApplication using Java 23.0.2 with PID 50400 (C:\Users\baona\Desktop\School\25-26\Co-op 26\TT Viettel\Project\TT_Viettel_Software-Library_Management\be\target\classes started by baona in C:\Users\baona\Desktop\School\25-26\Co-op 26\TT Viettel\Project\TT_Viettel_Software-Library_Management\be)
2026-07-28T09:24:10.177+07:00  INFO 50400 --- [library-management] [main] c.e.l.LibraryManagementApplication       : No active profile set, falling back to 1 default profile: "default"
2026-07-28T09:24:10.846+07:00  INFO 50400 --- [library-management] [main] .s.d.r.c.RepositoryConfigurationDelegate : Bootstrapping Spring Data JPA repositories in DEFAULT mode.
2026-07-28T09:24:10.906+07:00  INFO 50400 --- [library-management] [main] .s.d.r.c.RepositoryConfigurationDelegate : Finished Spring Data repository scanning in 54 ms. Found 9 JPA repository interfaces.
2026-07-28T09:24:11.430+07:00  INFO 50400 --- [library-management] [main] o.s.boot.tomcat.TomcatWebServer          : Tomcat initialized with port 8080 (http)
2026-07-28T09:24:11.440+07:00  INFO 50400 --- [library-management] [main] o.apache.catalina.core.StandardService   : Starting service [Tomcat]
2026-07-28T09:24:11.440+07:00  INFO 50400 --- [library-management] [main] o.apache.catalina.core.StandardEngine    : Starting Servlet engine: [Apache Tomcat/11.0.21]
2026-07-28T09:24:11.477+07:00  INFO 50400 --- [library-management] [main] b.w.c.s.WebApplicationContextInitializer : Root WebApplicationContext: initialization completed in 1244 ms
2026-07-28T09:24:11.577+07:00  INFO 50400 --- [library-management] [main] org.hibernate.orm.jpa                    : HHH008540: Processing PersistenceUnitInfo [name: default]
2026-07-28T09:24:11.610+07:00  INFO 50400 --- [library-management] [main] org.hibernate.orm.core                   : HHH000001: Hibernate ORM core version 7.2.12.Final
2026-07-28T09:24:11.913+07:00  INFO 50400 --- [library-management] [main] o.s.o.j.p.SpringPersistenceUnitInfo      : No LoadTimeWeaver setup: ignoring JPA class transformer
2026-07-28T09:24:11.934+07:00  INFO 50400 --- [library-management] [main] com.zaxxer.hikari.HikariDataSource       : HikariPool-1 - Starting...
2026-07-28T09:24:12.196+07:00  INFO 50400 --- [library-management] [main] com.zaxxer.hikari.pool.HikariPool        : HikariPool-1 - Added connection com.mysql.cj.jdbc.ConnectionImpl@379b4e86
2026-07-28T09:24:12.198+07:00  INFO 50400 --- [library-management] [main] com.zaxxer.hikari.HikariDataSource       : HikariPool-1 - Start completed.
2026-07-28T09:24:12.256+07:00  INFO 50400 --- [library-management] [main] org.hibernate.orm.connections.pooling    : HHH10001005: Database info:
	Database JDBC URL [jdbc:mysql://localhost:3306/library_db?zeroDateTimeBehavior=CONVERT_TO_NULL]
	Database driver: MySQL Connector/J
	Database dialect: MySQLDialect
	Database version: 8.0.39
	Default catalog/schema: library_db/undefined
	Autocommit mode: undefined/unknown
	Isolation level: REPEATABLE_READ [default REPEATABLE_READ]
	JDBC fetch size: none
	Pool: DataSourceConnectionProvider
	Minimum pool size: undefined/unknown
	Maximum pool size: undefined/unknown
2026-07-28T09:24:13.103+07:00  INFO 50400 --- [library-management] [main] org.hibernate.orm.core                   : HHH000489: No JTA platform available (set 'hibernate.transaction.jta.platform' to enable JTA platform integration)
2026-07-28T09:24:13.176+07:00  INFO 50400 --- [library-management] [main] j.LocalContainerEntityManagerFactoryBean : Initialized JPA EntityManagerFactory for persistence unit 'default'
2026-07-28T09:24:13.225+07:00  INFO 50400 --- [library-management] [main] o.s.d.j.r.query.QueryEnhancerFactories   : Hibernate is in classpath; If applicable, HQL parser will be used.
2026-07-28T09:24:13.507+07:00  INFO 50400 --- [library-management] [main] eAuthenticationProviderManagerConfigurer : Global AuthenticationManager configured with AuthenticationProvider bean with name authenticationProvider
2026-07-28T09:24:13.508+07:00  WARN 50400 --- [library-management] [main] r$InitializeUserDetailsManagerConfigurer : Global AuthenticationManager configured with an AuthenticationProvider bean. UserDetailsService beans will not be used by Spring Security for automatically configuring username/password login. Consider removing the AuthenticationProvider bean. Alternatively, consider using the UserDetailsService in a manually instantiated DaoAuthenticationProvider. If the current configuration is intentional, to turn off this warning, increase the logging level of 'org.springframework.security.config.annotation.authentication.configuration.InitializeUserDetailsBeanManagerConfigurer' to ERROR
2026-07-28T09:24:14.545+07:00  WARN 50400 --- [library-management] [main] JpaBaseConfiguration$JpaWebConfiguration : spring.jpa.open-in-view is enabled by default. Therefore, database queries may be performed during view rendering. Explicitly configure spring.jpa.open-in-view to disable this warning
2026-07-28T09:24:15.016+07:00  INFO 50400 --- [library-management] [main] o.s.boot.tomcat.TomcatWebServer          : Tomcat started on port 8080 (http) with context path '/api'
2026-07-28T09:24:15.023+07:00  INFO 50400 --- [library-management] [main] c.e.l.LibraryManagementApplication       : Started LibraryManagementApplication in 5.249 seconds (process running for 5.639)
2026-07-28T09:24:35.810+07:00  INFO 50400 --- [library-management] [http-nio-8080-exec-1] o.a.c.c.C.[Tomcat].[localhost].[/api]    : Initializing Spring DispatcherServlet 'dispatcherServlet'
2026-07-28T09:24:35.811+07:00  INFO 50400 --- [library-management] [http-nio-8080-exec-1] o.s.web.servlet.DispatcherServlet        : Initializing Servlet 'dispatcherServlet'
2026-07-28T09:24:35.813+07:00  INFO 50400 --- [library-management] [http-nio-8080-exec-1] o.s.web.servlet.DispatcherServlet        : Completed initialization in 2 ms
2026-07-28T09:24:36.345+07:00 ERROR 50400 --- [library-management] [http-nio-8080-exec-1] c.e.l.exception.GlobalExceptionHandler   : Exception code 500: Expression [@securityService.hasAccess('GET_USER)] @27: EL1046E: Cannot find terminating ' for string
2026-07-28T09:24:45.455+07:00  INFO 50400 --- [library-management] [SpringApplicationShutdownHook] o.s.boot.tomcat.GracefulShutdown         : Commencing graceful shutdown. Waiting for active requests to complete
2026-07-28T09:24:45.464+07:00  INFO 50400 --- [library-management] [tomcat-shutdown] o.s.boot.tomcat.GracefulShutdown         : Graceful shutdown complete
2026-07-28T09:24:45.469+07:00  INFO 50400 --- [library-management] [SpringApplicationShutdownHook] j.LocalContainerEntityManagerFactoryBean : Closing JPA EntityManagerFactory for persistence unit 'default'
2026-07-28T09:24:45.471+07:00  INFO 50400 --- [library-management] [SpringApplicationShutdownHook] com.zaxxer.hikari.HikariDataSource       : HikariPool-1 - Shutdown initiated...
2026-07-28T09:24:45.477+07:00  INFO 50400 --- [library-management] [SpringApplicationShutdownHook] com.zaxxer.hikari.HikariDataSource       : HikariPool-1 - Shutdown completed.
2026-07-28T09:24:48.872+07:00  INFO 44068 --- [library-management] [main] c.e.l.LibraryManagementApplication       : Starting LibraryManagementApplication using Java 23.0.2 with PID 44068 (C:\Users\baona\Desktop\School\25-26\Co-op 26\TT Viettel\Project\TT_Viettel_Software-Library_Management\be\target\classes started by baona in C:\Users\baona\Desktop\School\25-26\Co-op 26\TT Viettel\Project\TT_Viettel_Software-Library_Management\be)
2026-07-28T09:24:48.874+07:00  INFO 44068 --- [library-management] [main] c.e.l.LibraryManagementApplication       : No active profile set, falling back to 1 default profile: "default"
2026-07-28T09:24:49.565+07:00  INFO 44068 --- [library-management] [main] .s.d.r.c.RepositoryConfigurationDelegate : Bootstrapping Spring Data JPA repositories in DEFAULT mode.
2026-07-28T09:24:49.629+07:00  INFO 44068 --- [library-management] [main] .s.d.r.c.RepositoryConfigurationDelegate : Finished Spring Data repository scanning in 58 ms. Found 9 JPA repository interfaces.
2026-07-28T09:24:50.119+07:00  INFO 44068 --- [library-management] [main] o.s.boot.tomcat.TomcatWebServer          : Tomcat initialized with port 8080 (http)
2026-07-28T09:24:50.128+07:00  INFO 44068 --- [library-management] [main] o.apache.catalina.core.StandardService   : Starting service [Tomcat]
2026-07-28T09:24:50.129+07:00  INFO 44068 --- [library-management] [main] o.apache.catalina.core.StandardEngine    : Starting Servlet engine: [Apache Tomcat/11.0.21]
2026-07-28T09:24:50.171+07:00  INFO 44068 --- [library-management] [main] b.w.c.s.WebApplicationContextInitializer : Root WebApplicationContext: initialization completed in 1236 ms
2026-07-28T09:24:50.269+07:00  INFO 44068 --- [library-management] [main] org.hibernate.orm.jpa                    : HHH008540: Processing PersistenceUnitInfo [name: default]
2026-07-28T09:24:50.304+07:00  INFO 44068 --- [library-management] [main] org.hibernate.orm.core                   : HHH000001: Hibernate ORM core version 7.2.12.Final
2026-07-28T09:24:50.606+07:00  INFO 44068 --- [library-management] [main] o.s.o.j.p.SpringPersistenceUnitInfo      : No LoadTimeWeaver setup: ignoring JPA class transformer
2026-07-28T09:24:50.628+07:00  INFO 44068 --- [library-management] [main] com.zaxxer.hikari.HikariDataSource       : HikariPool-1 - Starting...
2026-07-28T09:24:50.881+07:00  INFO 44068 --- [library-management] [main] com.zaxxer.hikari.pool.HikariPool        : HikariPool-1 - Added connection com.mysql.cj.jdbc.ConnectionImpl@379b4e86
2026-07-28T09:24:50.883+07:00  INFO 44068 --- [library-management] [main] com.zaxxer.hikari.HikariDataSource       : HikariPool-1 - Start completed.
2026-07-28T09:24:50.941+07:00  INFO 44068 --- [library-management] [main] org.hibernate.orm.connections.pooling    : HHH10001005: Database info:
	Database JDBC URL [jdbc:mysql://localhost:3306/library_db?zeroDateTimeBehavior=CONVERT_TO_NULL]
	Database driver: MySQL Connector/J
	Database dialect: MySQLDialect
	Database version: 8.0.39
	Default catalog/schema: library_db/undefined
	Autocommit mode: undefined/unknown
	Isolation level: REPEATABLE_READ [default REPEATABLE_READ]
	JDBC fetch size: none
	Pool: DataSourceConnectionProvider
	Minimum pool size: undefined/unknown
	Maximum pool size: undefined/unknown
2026-07-28T09:24:51.762+07:00  INFO 44068 --- [library-management] [main] org.hibernate.orm.core                   : HHH000489: No JTA platform available (set 'hibernate.transaction.jta.platform' to enable JTA platform integration)
2026-07-28T09:24:51.835+07:00  INFO 44068 --- [library-management] [main] j.LocalContainerEntityManagerFactoryBean : Initialized JPA EntityManagerFactory for persistence unit 'default'
2026-07-28T09:24:51.883+07:00  INFO 44068 --- [library-management] [main] o.s.d.j.r.query.QueryEnhancerFactories   : Hibernate is in classpath; If applicable, HQL parser will be used.
2026-07-28T09:24:52.165+07:00  INFO 44068 --- [library-management] [main] eAuthenticationProviderManagerConfigurer : Global AuthenticationManager configured with AuthenticationProvider bean with name authenticationProvider
2026-07-28T09:24:52.166+07:00  WARN 44068 --- [library-management] [main] r$InitializeUserDetailsManagerConfigurer : Global AuthenticationManager configured with an AuthenticationProvider bean. UserDetailsService beans will not be used by Spring Security for automatically configuring username/password login. Consider removing the AuthenticationProvider bean. Alternatively, consider using the UserDetailsService in a manually instantiated DaoAuthenticationProvider. If the current configuration is intentional, to turn off this warning, increase the logging level of 'org.springframework.security.config.annotation.authentication.configuration.InitializeUserDetailsBeanManagerConfigurer' to ERROR
2026-07-28T09:24:53.286+07:00  WARN 44068 --- [library-management] [main] JpaBaseConfiguration$JpaWebConfiguration : spring.jpa.open-in-view is enabled by default. Therefore, database queries may be performed during view rendering. Explicitly configure spring.jpa.open-in-view to disable this warning
2026-07-28T09:24:53.780+07:00  INFO 44068 --- [library-management] [main] o.s.boot.tomcat.TomcatWebServer          : Tomcat started on port 8080 (http) with context path '/api'
2026-07-28T09:24:53.787+07:00  INFO 44068 --- [library-management] [main] c.e.l.LibraryManagementApplication       : Started LibraryManagementApplication in 5.306 seconds (process running for 5.728)
2026-07-28T09:25:13.430+07:00  INFO 44068 --- [library-management] [http-nio-8080-exec-1] o.a.c.c.C.[Tomcat].[localhost].[/api]    : Initializing Spring DispatcherServlet 'dispatcherServlet'
2026-07-28T09:25:13.430+07:00  INFO 44068 --- [library-management] [http-nio-8080-exec-1] o.s.web.servlet.DispatcherServlet        : Initializing Servlet 'dispatcherServlet'
2026-07-28T09:25:13.433+07:00  INFO 44068 --- [library-management] [http-nio-8080-exec-1] o.s.web.servlet.DispatcherServlet        : Completed initialization in 1 ms
2026-07-28T09:25:26.451+07:00 ERROR 44068 --- [library-management] [http-nio-8080-exec-7] c.e.l.exception.GlobalExceptionHandler   : Exception code 500: No property 'name' found for type 'User'
2026-07-28T09:25:26.485+07:00  WARN 44068 --- [library-management] [http-nio-8080-exec-9] ration$PageModule$WarningLoggingModifier : Serializing PageImpl instances as-is is not supported, meaning that there is no guarantee about the stability of the resulting JSON structure!
	For a stable JSON structure, please use Spring Data's PagedModel (globally via @EnableSpringDataWebSupport(pageSerializationMode = VIA_DTO))
	or Spring HATEOAS and Spring Data's PagedResourcesAssembler as documented in https://docs.spring.io/spring-data/commons/reference/repositories/core-extensions.html#core.web.pageables.

2026-07-28T09:25:51.851+07:00 ERROR 44068 --- [library-management] [http-nio-8080-exec-3] c.e.l.exception.GlobalExceptionHandler   : Exception code 500: No property 'name' found for type 'User'
2026-07-28T09:25:52.795+07:00 ERROR 44068 --- [library-management] [http-nio-8080-exec-6] c.e.l.exception.GlobalExceptionHandler   : Exception code 500: No property 'name' found for type 'User'
2026-07-28T09:25:53.531+07:00 ERROR 44068 --- [library-management] [http-nio-8080-exec-4] c.e.l.exception.GlobalExceptionHandler   : Exception code 500: No property 'name' found for type 'User'
2026-07-28T09:26:41.491+07:00 ERROR 44068 --- [library-management] [http-nio-8080-exec-6] c.e.l.exception.GlobalExceptionHandler   : Exception code 500: No property 'name' found for type 'User'
2026-07-28T11:00:06.762+07:00 ERROR 44068 --- [library-management] [http-nio-8080-exec-10] c.e.l.exception.GlobalExceptionHandler   : Exception code 500: Username not found
2026-07-28T11:00:06.762+07:00 ERROR 44068 --- [library-management] [http-nio-8080-exec-4] c.e.l.exception.GlobalExceptionHandler   : Exception code 500: Username not found
2026-07-28T11:00:12.365+07:00 ERROR 44068 --- [library-management] [http-nio-8080-exec-8] c.e.l.exception.GlobalExceptionHandler   : Exception code 500: Username not found
2026-07-28T11:00:12.365+07:00 ERROR 44068 --- [library-management] [http-nio-8080-exec-2] c.e.l.exception.GlobalExceptionHandler   : Exception code 500: Username not found
2026-07-28T11:00:24.879+07:00  INFO 44068 --- [library-management] [SpringApplicationShutdownHook] o.s.boot.tomcat.GracefulShutdown         : Commencing graceful shutdown. Waiting for active requests to complete
2026-07-28T11:00:24.906+07:00  INFO 44068 --- [library-management] [tomcat-shutdown] o.s.boot.tomcat.GracefulShutdown         : Graceful shutdown complete
2026-07-28T11:00:24.932+07:00  INFO 44068 --- [library-management] [SpringApplicationShutdownHook] j.LocalContainerEntityManagerFactoryBean : Closing JPA EntityManagerFactory for persistence unit 'default'
2026-07-28T11:00:24.976+07:00  INFO 44068 --- [library-management] [SpringApplicationShutdownHook] com.zaxxer.hikari.HikariDataSource       : HikariPool-1 - Shutdown initiated...
2026-07-28T11:00:24.991+07:00  INFO 44068 --- [library-management] [SpringApplicationShutdownHook] com.zaxxer.hikari.HikariDataSource       : HikariPool-1 - Shutdown completed.
2026-07-28T11:00:30.536+07:00  INFO 19228 --- [library-management] [main] c.e.l.LibraryManagementApplication       : Starting LibraryManagementApplication using Java 23.0.2 with PID 19228 (C:\Users\baona\Desktop\School\25-26\Co-op 26\TT Viettel\Project\TT_Viettel_Software-Library_Management\be\target\classes started by baona in C:\Users\baona\Desktop\School\25-26\Co-op 26\TT Viettel\Project\TT_Viettel_Software-Library_Management\be)
2026-07-28T11:00:30.540+07:00  INFO 19228 --- [library-management] [main] c.e.l.LibraryManagementApplication       : No active profile set, falling back to 1 default profile: "default"
2026-07-28T11:00:31.356+07:00  INFO 19228 --- [library-management] [main] .s.d.r.c.RepositoryConfigurationDelegate : Bootstrapping Spring Data JPA repositories in DEFAULT mode.
2026-07-28T11:00:31.435+07:00  INFO 19228 --- [library-management] [main] .s.d.r.c.RepositoryConfigurationDelegate : Finished Spring Data repository scanning in 71 ms. Found 9 JPA repository interfaces.
2026-07-28T11:00:32.035+07:00  INFO 19228 --- [library-management] [main] o.s.boot.tomcat.TomcatWebServer          : Tomcat initialized with port 8080 (http)
2026-07-28T11:00:32.047+07:00  INFO 19228 --- [library-management] [main] o.apache.catalina.core.StandardService   : Starting service [Tomcat]
2026-07-28T11:00:32.047+07:00  INFO 19228 --- [library-management] [main] o.apache.catalina.core.StandardEngine    : Starting Servlet engine: [Apache Tomcat/11.0.21]
2026-07-28T11:00:32.092+07:00  INFO 19228 --- [library-management] [main] b.w.c.s.WebApplicationContextInitializer : Root WebApplicationContext: initialization completed in 1480 ms
2026-07-28T11:00:32.212+07:00  INFO 19228 --- [library-management] [main] org.hibernate.orm.jpa                    : HHH008540: Processing PersistenceUnitInfo [name: default]
2026-07-28T11:00:32.269+07:00  INFO 19228 --- [library-management] [main] org.hibernate.orm.core                   : HHH000001: Hibernate ORM core version 7.2.12.Final
2026-07-28T11:00:32.713+07:00  INFO 19228 --- [library-management] [main] o.s.o.j.p.SpringPersistenceUnitInfo      : No LoadTimeWeaver setup: ignoring JPA class transformer
2026-07-28T11:00:32.744+07:00  INFO 19228 --- [library-management] [main] com.zaxxer.hikari.HikariDataSource       : HikariPool-1 - Starting...
2026-07-28T11:00:33.141+07:00  INFO 19228 --- [library-management] [main] com.zaxxer.hikari.pool.HikariPool        : HikariPool-1 - Added connection com.mysql.cj.jdbc.ConnectionImpl@62410e1f
2026-07-28T11:00:33.142+07:00  INFO 19228 --- [library-management] [main] com.zaxxer.hikari.HikariDataSource       : HikariPool-1 - Start completed.
2026-07-28T11:00:33.234+07:00  INFO 19228 --- [library-management] [main] org.hibernate.orm.connections.pooling    : HHH10001005: Database info:
	Database JDBC URL [jdbc:mysql://localhost:3306/library_db?zeroDateTimeBehavior=CONVERT_TO_NULL]
	Database driver: MySQL Connector/J
	Database dialect: MySQLDialect
	Database version: 8.0.39
	Default catalog/schema: library_db/undefined
	Autocommit mode: undefined/unknown
	Isolation level: REPEATABLE_READ [default REPEATABLE_READ]
	JDBC fetch size: none
	Pool: DataSourceConnectionProvider
	Minimum pool size: undefined/unknown
	Maximum pool size: undefined/unknown
2026-07-28T11:00:34.268+07:00  INFO 19228 --- [library-management] [main] org.hibernate.orm.core                   : HHH000489: No JTA platform available (set 'hibernate.transaction.jta.platform' to enable JTA platform integration)
2026-07-28T11:00:34.541+07:00  INFO 19228 --- [library-management] [main] j.LocalContainerEntityManagerFactoryBean : Initialized JPA EntityManagerFactory for persistence unit 'default'
2026-07-28T11:00:34.607+07:00  INFO 19228 --- [library-management] [main] o.s.d.j.r.query.QueryEnhancerFactories   : Hibernate is in classpath; If applicable, HQL parser will be used.
2026-07-28T11:00:34.936+07:00  INFO 19228 --- [library-management] [main] eAuthenticationProviderManagerConfigurer : Global AuthenticationManager configured with AuthenticationProvider bean with name authenticationProvider
2026-07-28T11:00:34.937+07:00  WARN 19228 --- [library-management] [main] r$InitializeUserDetailsManagerConfigurer : Global AuthenticationManager configured with an AuthenticationProvider bean. UserDetailsService beans will not be used by Spring Security for automatically configuring username/password login. Consider removing the AuthenticationProvider bean. Alternatively, consider using the UserDetailsService in a manually instantiated DaoAuthenticationProvider. If the current configuration is intentional, to turn off this warning, increase the logging level of 'org.springframework.security.config.annotation.authentication.configuration.InitializeUserDetailsBeanManagerConfigurer' to ERROR
2026-07-28T11:00:36.289+07:00  WARN 19228 --- [library-management] [main] JpaBaseConfiguration$JpaWebConfiguration : spring.jpa.open-in-view is enabled by default. Therefore, database queries may be performed during view rendering. Explicitly configure spring.jpa.open-in-view to disable this warning
2026-07-28T11:00:36.875+07:00  INFO 19228 --- [library-management] [main] o.s.boot.tomcat.TomcatWebServer          : Tomcat started on port 8080 (http) with context path '/api'
2026-07-28T11:00:36.882+07:00  INFO 19228 --- [library-management] [main] c.e.l.LibraryManagementApplication       : Started LibraryManagementApplication in 6.876 seconds (process running for 7.465)
2026-07-28T11:00:40.987+07:00  INFO 19228 --- [library-management] [http-nio-8080-exec-2] o.a.c.c.C.[Tomcat].[localhost].[/api]    : Initializing Spring DispatcherServlet 'dispatcherServlet'
2026-07-28T11:00:40.987+07:00  INFO 19228 --- [library-management] [http-nio-8080-exec-2] o.s.web.servlet.DispatcherServlet        : Initializing Servlet 'dispatcherServlet'
2026-07-28T11:00:40.990+07:00  INFO 19228 --- [library-management] [http-nio-8080-exec-2] o.s.web.servlet.DispatcherServlet        : Completed initialization in 2 ms
2026-07-28T11:00:41.675+07:00 ERROR 19228 --- [library-management] [http-nio-8080-exec-3] c.e.l.exception.GlobalExceptionHandler   : Exception code 500: Username not found
2026-07-28T11:00:41.675+07:00 ERROR 19228 --- [library-management] [http-nio-8080-exec-9] c.e.l.exception.GlobalExceptionHandler   : Exception code 500: Username not found
2026-07-28T11:00:55.627+07:00  WARN 19228 --- [library-management] [http-nio-8080-exec-4] ration$PageModule$WarningLoggingModifier : Serializing PageImpl instances as-is is not supported, meaning that there is no guarantee about the stability of the resulting JSON structure!
	For a stable JSON structure, please use Spring Data's PagedModel (globally via @EnableSpringDataWebSupport(pageSerializationMode = VIA_DTO))
	or Spring HATEOAS and Spring Data's PagedResourcesAssembler as documented in https://docs.spring.io/spring-data/commons/reference/repositories/core-extensions.html#core.web.pageables.

2026-07-28T11:01:01.440+07:00 ERROR 19228 --- [library-management] [http-nio-8080-exec-9] c.e.l.exception.GlobalExceptionHandler   : Exception code 500: Username not found
2026-07-28T11:01:01.440+07:00 ERROR 19228 --- [library-management] [http-nio-8080-exec-10] c.e.l.exception.GlobalExceptionHandler   : Exception code 500: Username not found
2026-07-28T11:05:07.892+07:00  INFO 19228 --- [library-management] [SpringApplicationShutdownHook] o.s.boot.tomcat.GracefulShutdown         : Commencing graceful shutdown. Waiting for active requests to complete
2026-07-28T11:05:07.900+07:00  INFO 19228 --- [library-management] [tomcat-shutdown] o.s.boot.tomcat.GracefulShutdown         : Graceful shutdown complete
2026-07-28T11:05:07.904+07:00  INFO 19228 --- [library-management] [SpringApplicationShutdownHook] j.LocalContainerEntityManagerFactoryBean : Closing JPA EntityManagerFactory for persistence unit 'default'
2026-07-28T11:05:07.906+07:00  INFO 19228 --- [library-management] [SpringApplicationShutdownHook] com.zaxxer.hikari.HikariDataSource       : HikariPool-1 - Shutdown initiated...
2026-07-28T11:05:07.912+07:00  INFO 19228 --- [library-management] [SpringApplicationShutdownHook] com.zaxxer.hikari.HikariDataSource       : HikariPool-1 - Shutdown completed.
2026-07-28T11:05:11.621+07:00  INFO 18448 --- [library-management] [main] c.e.l.LibraryManagementApplication       : Starting LibraryManagementApplication using Java 23.0.2 with PID 18448 (C:\Users\baona\Desktop\School\25-26\Co-op 26\TT Viettel\Project\TT_Viettel_Software-Library_Management\be\target\classes started by baona in C:\Users\baona\Desktop\School\25-26\Co-op 26\TT Viettel\Project\TT_Viettel_Software-Library_Management\be)
2026-07-28T11:05:11.623+07:00  INFO 18448 --- [library-management] [main] c.e.l.LibraryManagementApplication       : No active profile set, falling back to 1 default profile: "default"
2026-07-28T11:05:12.350+07:00  INFO 18448 --- [library-management] [main] .s.d.r.c.RepositoryConfigurationDelegate : Bootstrapping Spring Data JPA repositories in DEFAULT mode.
2026-07-28T11:05:12.420+07:00  INFO 18448 --- [library-management] [main] .s.d.r.c.RepositoryConfigurationDelegate : Finished Spring Data repository scanning in 64 ms. Found 9 JPA repository interfaces.
2026-07-28T11:05:12.953+07:00  INFO 18448 --- [library-management] [main] o.s.boot.tomcat.TomcatWebServer          : Tomcat initialized with port 8080 (http)
2026-07-28T11:05:12.964+07:00  INFO 18448 --- [library-management] [main] o.apache.catalina.core.StandardService   : Starting service [Tomcat]
2026-07-28T11:05:12.964+07:00  INFO 18448 --- [library-management] [main] o.apache.catalina.core.StandardEngine    : Starting Servlet engine: [Apache Tomcat/11.0.21]
2026-07-28T11:05:13.004+07:00  INFO 18448 --- [library-management] [main] b.w.c.s.WebApplicationContextInitializer : Root WebApplicationContext: initialization completed in 1323 ms
2026-07-28T11:05:13.109+07:00  INFO 18448 --- [library-management] [main] org.hibernate.orm.jpa                    : HHH008540: Processing PersistenceUnitInfo [name: default]
2026-07-28T11:05:13.156+07:00  INFO 18448 --- [library-management] [main] org.hibernate.orm.core                   : HHH000001: Hibernate ORM core version 7.2.12.Final
2026-07-28T11:05:13.569+07:00  INFO 18448 --- [library-management] [main] o.s.o.j.p.SpringPersistenceUnitInfo      : No LoadTimeWeaver setup: ignoring JPA class transformer
2026-07-28T11:05:13.598+07:00  INFO 18448 --- [library-management] [main] com.zaxxer.hikari.HikariDataSource       : HikariPool-1 - Starting...
2026-07-28T11:05:13.970+07:00  INFO 18448 --- [library-management] [main] com.zaxxer.hikari.pool.HikariPool        : HikariPool-1 - Added connection com.mysql.cj.jdbc.ConnectionImpl@6c8ad6d7
2026-07-28T11:05:13.971+07:00  INFO 18448 --- [library-management] [main] com.zaxxer.hikari.HikariDataSource       : HikariPool-1 - Start completed.
2026-07-28T11:05:14.048+07:00  INFO 18448 --- [library-management] [main] org.hibernate.orm.connections.pooling    : HHH10001005: Database info:
	Database JDBC URL [jdbc:mysql://localhost:3306/library_db?zeroDateTimeBehavior=CONVERT_TO_NULL]
	Database driver: MySQL Connector/J
	Database dialect: MySQLDialect
	Database version: 8.0.39
	Default catalog/schema: library_db/undefined
	Autocommit mode: undefined/unknown
	Isolation level: REPEATABLE_READ [default REPEATABLE_READ]
	JDBC fetch size: none
	Pool: DataSourceConnectionProvider
	Minimum pool size: undefined/unknown
	Maximum pool size: undefined/unknown
2026-07-28T11:05:15.096+07:00  INFO 18448 --- [library-management] [main] org.hibernate.orm.core                   : HHH000489: No JTA platform available (set 'hibernate.transaction.jta.platform' to enable JTA platform integration)
2026-07-28T11:05:15.170+07:00  INFO 18448 --- [library-management] [main] j.LocalContainerEntityManagerFactoryBean : Initialized JPA EntityManagerFactory for persistence unit 'default'
2026-07-28T11:05:15.222+07:00  INFO 18448 --- [library-management] [main] o.s.d.j.r.query.QueryEnhancerFactories   : Hibernate is in classpath; If applicable, HQL parser will be used.
2026-07-28T11:05:15.543+07:00  INFO 18448 --- [library-management] [main] eAuthenticationProviderManagerConfigurer : Global AuthenticationManager configured with AuthenticationProvider bean with name authenticationProvider
2026-07-28T11:05:15.544+07:00  WARN 18448 --- [library-management] [main] r$InitializeUserDetailsManagerConfigurer : Global AuthenticationManager configured with an AuthenticationProvider bean. UserDetailsService beans will not be used by Spring Security for automatically configuring username/password login. Consider removing the AuthenticationProvider bean. Alternatively, consider using the UserDetailsService in a manually instantiated DaoAuthenticationProvider. If the current configuration is intentional, to turn off this warning, increase the logging level of 'org.springframework.security.config.annotation.authentication.configuration.InitializeUserDetailsBeanManagerConfigurer' to ERROR
2026-07-28T11:05:16.814+07:00  WARN 18448 --- [library-management] [main] JpaBaseConfiguration$JpaWebConfiguration : spring.jpa.open-in-view is enabled by default. Therefore, database queries may be performed during view rendering. Explicitly configure spring.jpa.open-in-view to disable this warning
2026-07-28T11:05:17.070+07:00  WARN 18448 --- [library-management] [main] ConfigServletWebServerApplicationContext : Exception encountered during context initialization - cancelling refresh attempt: org.springframework.beans.factory.BeanCreationException: Error creating bean with name 'requestMappingHandlerMapping' defined in class path resource [org/springframework/boot/webmvc/autoconfigure/WebMvcAutoConfiguration$EnableWebMvcConfiguration.class]: Ambiguous mapping. Cannot map 'userController' method 
com.example.library_management.controller.UserController#updateUserByUsername(UserRequest)
to {PATCH [/users]}: There is already 'userController' bean method
com.example.library_management.controller.UserController#updateUserRoleByUsername(UserRequest) mapped.
2026-07-28T11:05:17.073+07:00  INFO 18448 --- [library-management] [main] j.LocalContainerEntityManagerFactoryBean : Closing JPA EntityManagerFactory for persistence unit 'default'
2026-07-28T11:05:17.075+07:00  INFO 18448 --- [library-management] [main] com.zaxxer.hikari.HikariDataSource       : HikariPool-1 - Shutdown initiated...
2026-07-28T11:05:17.081+07:00  INFO 18448 --- [library-management] [main] com.zaxxer.hikari.HikariDataSource       : HikariPool-1 - Shutdown completed.
2026-07-28T11:05:17.084+07:00  INFO 18448 --- [library-management] [main] o.apache.catalina.core.StandardService   : Stopping service [Tomcat]
2026-07-28T11:05:17.091+07:00  INFO 18448 --- [library-management] [main] .s.b.a.l.ConditionEvaluationReportLogger : 

Error starting ApplicationContext. To display the condition evaluation report re-run your application with 'debug' enabled.
2026-07-28T11:05:17.102+07:00 ERROR 18448 --- [library-management] [main] o.s.boot.SpringApplication               : Application run failed

org.springframework.beans.factory.BeanCreationException: Error creating bean with name 'requestMappingHandlerMapping' defined in class path resource [org/springframework/boot/webmvc/autoconfigure/WebMvcAutoConfiguration$EnableWebMvcConfiguration.class]: Ambiguous mapping. Cannot map 'userController' method 
com.example.library_management.controller.UserController#updateUserByUsername(UserRequest)
to {PATCH [/users]}: There is already 'userController' bean method
com.example.library_management.controller.UserController#updateUserRoleByUsername(UserRequest) mapped.
	at org.springframework.beans.factory.support.AbstractAutowireCapableBeanFactory.initializeBean(AbstractAutowireCapableBeanFactory.java:1817) ~[spring-beans-7.0.7.jar:7.0.7]
	at org.springframework.beans.factory.support.AbstractAutowireCapableBeanFactory.doCreateBean(AbstractAutowireCapableBeanFactory.java:603) ~[spring-beans-7.0.7.jar:7.0.7]
	at org.springframework.beans.factory.support.AbstractAutowireCapableBeanFactory.createBean(AbstractAutowireCapableBeanFactory.java:525) ~[spring-beans-7.0.7.jar:7.0.7]
	at org.springframework.beans.factory.support.AbstractBeanFactory.lambda$doGetBean$0(AbstractBeanFactory.java:333) ~[spring-beans-7.0.7.jar:7.0.7]
	at org.springframework.beans.factory.support.DefaultSingletonBeanRegistry.getSingleton(DefaultSingletonBeanRegistry.java:371) ~[spring-beans-7.0.7.jar:7.0.7]
	at org.springframework.beans.factory.support.AbstractBeanFactory.doGetBean(AbstractBeanFactory.java:331) ~[spring-beans-7.0.7.jar:7.0.7]
	at org.springframework.beans.factory.support.AbstractBeanFactory.getBean(AbstractBeanFactory.java:196) ~[spring-beans-7.0.7.jar:7.0.7]
	at org.springframework.beans.factory.support.DefaultListableBeanFactory.instantiateSingleton(DefaultListableBeanFactory.java:1218) ~[spring-beans-7.0.7.jar:7.0.7]
	at org.springframework.beans.factory.support.DefaultListableBeanFactory.preInstantiateSingleton(DefaultListableBeanFactory.java:1184) ~[spring-beans-7.0.7.jar:7.0.7]
	at org.springframework.beans.factory.support.DefaultListableBeanFactory.preInstantiateSingletons(DefaultListableBeanFactory.java:1121) ~[spring-beans-7.0.7.jar:7.0.7]
	at org.springframework.context.support.AbstractApplicationContext.finishBeanFactoryInitialization(AbstractApplicationContext.java:994) ~[spring-context-7.0.7.jar:7.0.7]
	at org.springframework.context.support.AbstractApplicationContext.refresh(AbstractApplicationContext.java:621) ~[spring-context-7.0.7.jar:7.0.7]
	at org.springframework.boot.web.server.servlet.context.ServletWebServerApplicationContext.refresh(ServletWebServerApplicationContext.java:143) ~[spring-boot-web-server-4.0.6.jar:4.0.6]
	at org.springframework.boot.SpringApplication.refresh(SpringApplication.java:756) ~[spring-boot-4.0.6.jar:4.0.6]
	at org.springframework.boot.SpringApplication.refreshContext(SpringApplication.java:445) ~[spring-boot-4.0.6.jar:4.0.6]
	at org.springframework.boot.SpringApplication.run(SpringApplication.java:321) ~[spring-boot-4.0.6.jar:4.0.6]
	at org.springframework.boot.SpringApplication.run(SpringApplication.java:1365) ~[spring-boot-4.0.6.jar:4.0.6]
	at org.springframework.boot.SpringApplication.run(SpringApplication.java:1354) ~[spring-boot-4.0.6.jar:4.0.6]
	at com.example.library_management.LibraryManagementApplication.main(LibraryManagementApplication.java:14) ~[classes/:na]
Caused by: java.lang.IllegalStateException: Ambiguous mapping. Cannot map 'userController' method 
com.example.library_management.controller.UserController#updateUserByUsername(UserRequest)
to {PATCH [/users]}: There is already 'userController' bean method
com.example.library_management.controller.UserController#updateUserRoleByUsername(UserRequest) mapped.
	at org.springframework.web.servlet.handler.AbstractHandlerMethodMapping$MappingRegistry.validateMethodMapping(AbstractHandlerMethodMapping.java:646) ~[spring-webmvc-7.0.7.jar:7.0.7]
	at org.springframework.web.servlet.handler.AbstractHandlerMethodMapping$MappingRegistry.register(AbstractHandlerMethodMapping.java:606) ~[spring-webmvc-7.0.7.jar:7.0.7]
	at org.springframework.web.servlet.handler.AbstractHandlerMethodMapping.registerHandlerMethod(AbstractHandlerMethodMapping.java:327) ~[spring-webmvc-7.0.7.jar:7.0.7]
	at org.springframework.web.servlet.mvc.method.annotation.RequestMappingHandlerMapping.registerHandlerMethod(RequestMappingHandlerMapping.java:459) ~[spring-webmvc-7.0.7.jar:7.0.7]
	at org.springframework.web.servlet.mvc.method.annotation.RequestMappingHandlerMapping.registerHandlerMethod(RequestMappingHandlerMapping.java:80) ~[spring-webmvc-7.0.7.jar:7.0.7]
	at org.springframework.web.servlet.handler.AbstractHandlerMethodMapping.lambda$detectHandlerMethods$1(AbstractHandlerMethodMapping.java:294) ~[spring-webmvc-7.0.7.jar:7.0.7]
	at java.base/java.util.LinkedHashMap.forEach(LinkedHashMap.java:987) ~[na:na]
	at org.springframework.web.servlet.handler.AbstractHandlerMethodMapping.detectHandlerMethods(AbstractHandlerMethodMapping.java:292) ~[spring-webmvc-7.0.7.jar:7.0.7]
	at org.springframework.web.servlet.handler.AbstractHandlerMethodMapping.processCandidateBean(AbstractHandlerMethodMapping.java:261) ~[spring-webmvc-7.0.7.jar:7.0.7]
	at org.springframework.web.servlet.handler.AbstractHandlerMethodMapping.initHandlerMethods(AbstractHandlerMethodMapping.java:220) ~[spring-webmvc-7.0.7.jar:7.0.7]
	at org.springframework.web.servlet.handler.AbstractHandlerMethodMapping.afterPropertiesSet(AbstractHandlerMethodMapping.java:208) ~[spring-webmvc-7.0.7.jar:7.0.7]
	at org.springframework.web.servlet.mvc.method.annotation.RequestMappingHandlerMapping.afterPropertiesSet(RequestMappingHandlerMapping.java:158) ~[spring-webmvc-7.0.7.jar:7.0.7]
	at org.springframework.beans.factory.support.AbstractAutowireCapableBeanFactory.invokeInitMethods(AbstractAutowireCapableBeanFactory.java:1864) ~[spring-beans-7.0.7.jar:7.0.7]
	at org.springframework.beans.factory.support.AbstractAutowireCapableBeanFactory.initializeBean(AbstractAutowireCapableBeanFactory.java:1813) ~[spring-beans-7.0.7.jar:7.0.7]
	... 18 common frames omitted

2026-07-28T11:05:49.309+07:00  INFO 45544 --- [library-management] [main] c.e.l.LibraryManagementApplication       : Starting LibraryManagementApplication using Java 23.0.2 with PID 45544 (C:\Users\baona\Desktop\School\25-26\Co-op 26\TT Viettel\Project\TT_Viettel_Software-Library_Management\be\target\classes started by baona in C:\Users\baona\Desktop\School\25-26\Co-op 26\TT Viettel\Project\TT_Viettel_Software-Library_Management\be)
2026-07-28T11:05:49.312+07:00  INFO 45544 --- [library-management] [main] c.e.l.LibraryManagementApplication       : No active profile set, falling back to 1 default profile: "default"
2026-07-28T11:05:49.994+07:00  INFO 45544 --- [library-management] [main] .s.d.r.c.RepositoryConfigurationDelegate : Bootstrapping Spring Data JPA repositories in DEFAULT mode.
2026-07-28T11:05:50.063+07:00  INFO 45544 --- [library-management] [main] .s.d.r.c.RepositoryConfigurationDelegate : Finished Spring Data repository scanning in 63 ms. Found 9 JPA repository interfaces.
2026-07-28T11:05:50.574+07:00  INFO 45544 --- [library-management] [main] o.s.boot.tomcat.TomcatWebServer          : Tomcat initialized with port 8080 (http)
2026-07-28T11:05:50.584+07:00  INFO 45544 --- [library-management] [main] o.apache.catalina.core.StandardService   : Starting service [Tomcat]
2026-07-28T11:05:50.584+07:00  INFO 45544 --- [library-management] [main] o.apache.catalina.core.StandardEngine    : Starting Servlet engine: [Apache Tomcat/11.0.21]
2026-07-28T11:05:50.624+07:00  INFO 45544 --- [library-management] [main] b.w.c.s.WebApplicationContextInitializer : Root WebApplicationContext: initialization completed in 1262 ms
2026-07-28T11:05:50.724+07:00  INFO 45544 --- [library-management] [main] org.hibernate.orm.jpa                    : HHH008540: Processing PersistenceUnitInfo [name: default]
2026-07-28T11:05:50.760+07:00  INFO 45544 --- [library-management] [main] org.hibernate.orm.core                   : HHH000001: Hibernate ORM core version 7.2.12.Final
2026-07-28T11:05:51.109+07:00  INFO 45544 --- [library-management] [main] o.s.o.j.p.SpringPersistenceUnitInfo      : No LoadTimeWeaver setup: ignoring JPA class transformer
2026-07-28T11:05:51.132+07:00  INFO 45544 --- [library-management] [main] com.zaxxer.hikari.HikariDataSource       : HikariPool-1 - Starting...
2026-07-28T11:05:51.394+07:00  INFO 45544 --- [library-management] [main] com.zaxxer.hikari.pool.HikariPool        : HikariPool-1 - Added connection com.mysql.cj.jdbc.ConnectionImpl@33e8694b
2026-07-28T11:05:51.395+07:00  INFO 45544 --- [library-management] [main] com.zaxxer.hikari.HikariDataSource       : HikariPool-1 - Start completed.
2026-07-28T11:05:51.453+07:00  INFO 45544 --- [library-management] [main] org.hibernate.orm.connections.pooling    : HHH10001005: Database info:
	Database JDBC URL [jdbc:mysql://localhost:3306/library_db?zeroDateTimeBehavior=CONVERT_TO_NULL]
	Database driver: MySQL Connector/J
	Database dialect: MySQLDialect
	Database version: 8.0.39
	Default catalog/schema: library_db/undefined
	Autocommit mode: undefined/unknown
	Isolation level: REPEATABLE_READ [default REPEATABLE_READ]
	JDBC fetch size: none
	Pool: DataSourceConnectionProvider
	Minimum pool size: undefined/unknown
	Maximum pool size: undefined/unknown
2026-07-28T11:05:52.290+07:00  INFO 45544 --- [library-management] [main] org.hibernate.orm.core                   : HHH000489: No JTA platform available (set 'hibernate.transaction.jta.platform' to enable JTA platform integration)
2026-07-28T11:05:52.368+07:00  INFO 45544 --- [library-management] [main] j.LocalContainerEntityManagerFactoryBean : Initialized JPA EntityManagerFactory for persistence unit 'default'
2026-07-28T11:05:52.418+07:00  INFO 45544 --- [library-management] [main] o.s.d.j.r.query.QueryEnhancerFactories   : Hibernate is in classpath; If applicable, HQL parser will be used.
2026-07-28T11:05:52.719+07:00  INFO 45544 --- [library-management] [main] eAuthenticationProviderManagerConfigurer : Global AuthenticationManager configured with AuthenticationProvider bean with name authenticationProvider
2026-07-28T11:05:52.720+07:00  WARN 45544 --- [library-management] [main] r$InitializeUserDetailsManagerConfigurer : Global AuthenticationManager configured with an AuthenticationProvider bean. UserDetailsService beans will not be used by Spring Security for automatically configuring username/password login. Consider removing the AuthenticationProvider bean. Alternatively, consider using the UserDetailsService in a manually instantiated DaoAuthenticationProvider. If the current configuration is intentional, to turn off this warning, increase the logging level of 'org.springframework.security.config.annotation.authentication.configuration.InitializeUserDetailsBeanManagerConfigurer' to ERROR
2026-07-28T11:05:53.825+07:00  WARN 45544 --- [library-management] [main] JpaBaseConfiguration$JpaWebConfiguration : spring.jpa.open-in-view is enabled by default. Therefore, database queries may be performed during view rendering. Explicitly configure spring.jpa.open-in-view to disable this warning
2026-07-28T11:05:54.076+07:00  WARN 45544 --- [library-management] [main] ConfigServletWebServerApplicationContext : Exception encountered during context initialization - cancelling refresh attempt: org.springframework.beans.factory.BeanCreationException: Error creating bean with name 'requestMappingHandlerMapping' defined in class path resource [org/springframework/boot/webmvc/autoconfigure/WebMvcAutoConfiguration$EnableWebMvcConfiguration.class]: Ambiguous mapping. Cannot map 'userController' method 
com.example.library_management.controller.UserController#updateUserByUsername(UserRequest)
to {PATCH [/users]}: There is already 'userController' bean method
com.example.library_management.controller.UserController#updateUserRoleByUsername(UserRequest) mapped.
2026-07-28T11:05:54.079+07:00  INFO 45544 --- [library-management] [main] j.LocalContainerEntityManagerFactoryBean : Closing JPA EntityManagerFactory for persistence unit 'default'
2026-07-28T11:05:54.081+07:00  INFO 45544 --- [library-management] [main] com.zaxxer.hikari.HikariDataSource       : HikariPool-1 - Shutdown initiated...
2026-07-28T11:05:54.086+07:00  INFO 45544 --- [library-management] [main] com.zaxxer.hikari.HikariDataSource       : HikariPool-1 - Shutdown completed.
2026-07-28T11:05:54.087+07:00  INFO 45544 --- [library-management] [main] o.apache.catalina.core.StandardService   : Stopping service [Tomcat]
2026-07-28T11:05:54.092+07:00  INFO 45544 --- [library-management] [main] .s.b.a.l.ConditionEvaluationReportLogger : 

Error starting ApplicationContext. To display the condition evaluation report re-run your application with 'debug' enabled.
2026-07-28T11:05:54.102+07:00 ERROR 45544 --- [library-management] [main] o.s.boot.SpringApplication               : Application run failed

org.springframework.beans.factory.BeanCreationException: Error creating bean with name 'requestMappingHandlerMapping' defined in class path resource [org/springframework/boot/webmvc/autoconfigure/WebMvcAutoConfiguration$EnableWebMvcConfiguration.class]: Ambiguous mapping. Cannot map 'userController' method 
com.example.library_management.controller.UserController#updateUserByUsername(UserRequest)
to {PATCH [/users]}: There is already 'userController' bean method
com.example.library_management.controller.UserController#updateUserRoleByUsername(UserRequest) mapped.
	at org.springframework.beans.factory.support.AbstractAutowireCapableBeanFactory.initializeBean(AbstractAutowireCapableBeanFactory.java:1817) ~[spring-beans-7.0.7.jar:7.0.7]
	at org.springframework.beans.factory.support.AbstractAutowireCapableBeanFactory.doCreateBean(AbstractAutowireCapableBeanFactory.java:603) ~[spring-beans-7.0.7.jar:7.0.7]
	at org.springframework.beans.factory.support.AbstractAutowireCapableBeanFactory.createBean(AbstractAutowireCapableBeanFactory.java:525) ~[spring-beans-7.0.7.jar:7.0.7]
	at org.springframework.beans.factory.support.AbstractBeanFactory.lambda$doGetBean$0(AbstractBeanFactory.java:333) ~[spring-beans-7.0.7.jar:7.0.7]
	at org.springframework.beans.factory.support.DefaultSingletonBeanRegistry.getSingleton(DefaultSingletonBeanRegistry.java:371) ~[spring-beans-7.0.7.jar:7.0.7]
	at org.springframework.beans.factory.support.AbstractBeanFactory.doGetBean(AbstractBeanFactory.java:331) ~[spring-beans-7.0.7.jar:7.0.7]
	at org.springframework.beans.factory.support.AbstractBeanFactory.getBean(AbstractBeanFactory.java:196) ~[spring-beans-7.0.7.jar:7.0.7]
	at org.springframework.beans.factory.support.DefaultListableBeanFactory.instantiateSingleton(DefaultListableBeanFactory.java:1218) ~[spring-beans-7.0.7.jar:7.0.7]
	at org.springframework.beans.factory.support.DefaultListableBeanFactory.preInstantiateSingleton(DefaultListableBeanFactory.java:1184) ~[spring-beans-7.0.7.jar:7.0.7]
	at org.springframework.beans.factory.support.DefaultListableBeanFactory.preInstantiateSingletons(DefaultListableBeanFactory.java:1121) ~[spring-beans-7.0.7.jar:7.0.7]
	at org.springframework.context.support.AbstractApplicationContext.finishBeanFactoryInitialization(AbstractApplicationContext.java:994) ~[spring-context-7.0.7.jar:7.0.7]
	at org.springframework.context.support.AbstractApplicationContext.refresh(AbstractApplicationContext.java:621) ~[spring-context-7.0.7.jar:7.0.7]
	at org.springframework.boot.web.server.servlet.context.ServletWebServerApplicationContext.refresh(ServletWebServerApplicationContext.java:143) ~[spring-boot-web-server-4.0.6.jar:4.0.6]
	at org.springframework.boot.SpringApplication.refresh(SpringApplication.java:756) ~[spring-boot-4.0.6.jar:4.0.6]
	at org.springframework.boot.SpringApplication.refreshContext(SpringApplication.java:445) ~[spring-boot-4.0.6.jar:4.0.6]
	at org.springframework.boot.SpringApplication.run(SpringApplication.java:321) ~[spring-boot-4.0.6.jar:4.0.6]
	at org.springframework.boot.SpringApplication.run(SpringApplication.java:1365) ~[spring-boot-4.0.6.jar:4.0.6]
	at org.springframework.boot.SpringApplication.run(SpringApplication.java:1354) ~[spring-boot-4.0.6.jar:4.0.6]
	at com.example.library_management.LibraryManagementApplication.main(LibraryManagementApplication.java:14) ~[classes/:na]
Caused by: java.lang.IllegalStateException: Ambiguous mapping. Cannot map 'userController' method 
com.example.library_management.controller.UserController#updateUserByUsername(UserRequest)
to {PATCH [/users]}: There is already 'userController' bean method
com.example.library_management.controller.UserController#updateUserRoleByUsername(UserRequest) mapped.
	at org.springframework.web.servlet.handler.AbstractHandlerMethodMapping$MappingRegistry.validateMethodMapping(AbstractHandlerMethodMapping.java:646) ~[spring-webmvc-7.0.7.jar:7.0.7]
	at org.springframework.web.servlet.handler.AbstractHandlerMethodMapping$MappingRegistry.register(AbstractHandlerMethodMapping.java:606) ~[spring-webmvc-7.0.7.jar:7.0.7]
	at org.springframework.web.servlet.handler.AbstractHandlerMethodMapping.registerHandlerMethod(AbstractHandlerMethodMapping.java:327) ~[spring-webmvc-7.0.7.jar:7.0.7]
	at org.springframework.web.servlet.mvc.method.annotation.RequestMappingHandlerMapping.registerHandlerMethod(RequestMappingHandlerMapping.java:459) ~[spring-webmvc-7.0.7.jar:7.0.7]
	at org.springframework.web.servlet.mvc.method.annotation.RequestMappingHandlerMapping.registerHandlerMethod(RequestMappingHandlerMapping.java:80) ~[spring-webmvc-7.0.7.jar:7.0.7]
	at org.springframework.web.servlet.handler.AbstractHandlerMethodMapping.lambda$detectHandlerMethods$1(AbstractHandlerMethodMapping.java:294) ~[spring-webmvc-7.0.7.jar:7.0.7]
	at java.base/java.util.LinkedHashMap.forEach(LinkedHashMap.java:987) ~[na:na]
	at org.springframework.web.servlet.handler.AbstractHandlerMethodMapping.detectHandlerMethods(AbstractHandlerMethodMapping.java:292) ~[spring-webmvc-7.0.7.jar:7.0.7]
	at org.springframework.web.servlet.handler.AbstractHandlerMethodMapping.processCandidateBean(AbstractHandlerMethodMapping.java:261) ~[spring-webmvc-7.0.7.jar:7.0.7]
	at org.springframework.web.servlet.handler.AbstractHandlerMethodMapping.initHandlerMethods(AbstractHandlerMethodMapping.java:220) ~[spring-webmvc-7.0.7.jar:7.0.7]
	at org.springframework.web.servlet.handler.AbstractHandlerMethodMapping.afterPropertiesSet(AbstractHandlerMethodMapping.java:208) ~[spring-webmvc-7.0.7.jar:7.0.7]
	at org.springframework.web.servlet.mvc.method.annotation.RequestMappingHandlerMapping.afterPropertiesSet(RequestMappingHandlerMapping.java:158) ~[spring-webmvc-7.0.7.jar:7.0.7]
	at org.springframework.beans.factory.support.AbstractAutowireCapableBeanFactory.invokeInitMethods(AbstractAutowireCapableBeanFactory.java:1864) ~[spring-beans-7.0.7.jar:7.0.7]
	at org.springframework.beans.factory.support.AbstractAutowireCapableBeanFactory.initializeBean(AbstractAutowireCapableBeanFactory.java:1813) ~[spring-beans-7.0.7.jar:7.0.7]
	... 18 common frames omitted

2026-07-28T11:06:26.896+07:00  INFO 59076 --- [library-management] [main] c.e.l.LibraryManagementApplication       : Starting LibraryManagementApplication using Java 23.0.2 with PID 59076 (C:\Users\baona\Desktop\School\25-26\Co-op 26\TT Viettel\Project\TT_Viettel_Software-Library_Management\be\target\classes started by baona in C:\Users\baona\Desktop\School\25-26\Co-op 26\TT Viettel\Project\TT_Viettel_Software-Library_Management\be)
2026-07-28T11:06:26.898+07:00  INFO 59076 --- [library-management] [main] c.e.l.LibraryManagementApplication       : No active profile set, falling back to 1 default profile: "default"
2026-07-28T11:06:27.555+07:00  INFO 59076 --- [library-management] [main] .s.d.r.c.RepositoryConfigurationDelegate : Bootstrapping Spring Data JPA repositories in DEFAULT mode.
2026-07-28T11:06:27.624+07:00  INFO 59076 --- [library-management] [main] .s.d.r.c.RepositoryConfigurationDelegate : Finished Spring Data repository scanning in 62 ms. Found 9 JPA repository interfaces.
2026-07-28T11:06:28.120+07:00  INFO 59076 --- [library-management] [main] o.s.boot.tomcat.TomcatWebServer          : Tomcat initialized with port 8080 (http)
2026-07-28T11:06:28.131+07:00  INFO 59076 --- [library-management] [main] o.apache.catalina.core.StandardService   : Starting service [Tomcat]
2026-07-28T11:06:28.131+07:00  INFO 59076 --- [library-management] [main] o.apache.catalina.core.StandardEngine    : Starting Servlet engine: [Apache Tomcat/11.0.21]
2026-07-28T11:06:28.171+07:00  INFO 59076 --- [library-management] [main] b.w.c.s.WebApplicationContextInitializer : Root WebApplicationContext: initialization completed in 1222 ms
2026-07-28T11:06:28.270+07:00  INFO 59076 --- [library-management] [main] org.hibernate.orm.jpa                    : HHH008540: Processing PersistenceUnitInfo [name: default]
2026-07-28T11:06:28.308+07:00  INFO 59076 --- [library-management] [main] org.hibernate.orm.core                   : HHH000001: Hibernate ORM core version 7.2.12.Final
2026-07-28T11:06:28.640+07:00  INFO 59076 --- [library-management] [main] o.s.o.j.p.SpringPersistenceUnitInfo      : No LoadTimeWeaver setup: ignoring JPA class transformer
2026-07-28T11:06:28.662+07:00  INFO 59076 --- [library-management] [main] com.zaxxer.hikari.HikariDataSource       : HikariPool-1 - Starting...
2026-07-28T11:06:28.939+07:00  INFO 59076 --- [library-management] [main] com.zaxxer.hikari.pool.HikariPool        : HikariPool-1 - Added connection com.mysql.cj.jdbc.ConnectionImpl@6bd2f039
2026-07-28T11:06:28.940+07:00  INFO 59076 --- [library-management] [main] com.zaxxer.hikari.HikariDataSource       : HikariPool-1 - Start completed.
2026-07-28T11:06:28.998+07:00  INFO 59076 --- [library-management] [main] org.hibernate.orm.connections.pooling    : HHH10001005: Database info:
	Database JDBC URL [jdbc:mysql://localhost:3306/library_db?zeroDateTimeBehavior=CONVERT_TO_NULL]
	Database driver: MySQL Connector/J
	Database dialect: MySQLDialect
	Database version: 8.0.39
	Default catalog/schema: library_db/undefined
	Autocommit mode: undefined/unknown
	Isolation level: REPEATABLE_READ [default REPEATABLE_READ]
	JDBC fetch size: none
	Pool: DataSourceConnectionProvider
	Minimum pool size: undefined/unknown
	Maximum pool size: undefined/unknown
2026-07-28T11:06:29.871+07:00  INFO 59076 --- [library-management] [main] org.hibernate.orm.core                   : HHH000489: No JTA platform available (set 'hibernate.transaction.jta.platform' to enable JTA platform integration)
2026-07-28T11:06:29.941+07:00  INFO 59076 --- [library-management] [main] j.LocalContainerEntityManagerFactoryBean : Initialized JPA EntityManagerFactory for persistence unit 'default'
2026-07-28T11:06:29.994+07:00  INFO 59076 --- [library-management] [main] o.s.d.j.r.query.QueryEnhancerFactories   : Hibernate is in classpath; If applicable, HQL parser will be used.
2026-07-28T11:06:30.291+07:00  INFO 59076 --- [library-management] [main] eAuthenticationProviderManagerConfigurer : Global AuthenticationManager configured with AuthenticationProvider bean with name authenticationProvider
2026-07-28T11:06:30.291+07:00  WARN 59076 --- [library-management] [main] r$InitializeUserDetailsManagerConfigurer : Global AuthenticationManager configured with an AuthenticationProvider bean. UserDetailsService beans will not be used by Spring Security for automatically configuring username/password login. Consider removing the AuthenticationProvider bean. Alternatively, consider using the UserDetailsService in a manually instantiated DaoAuthenticationProvider. If the current configuration is intentional, to turn off this warning, increase the logging level of 'org.springframework.security.config.annotation.authentication.configuration.InitializeUserDetailsBeanManagerConfigurer' to ERROR
2026-07-28T11:06:31.404+07:00  WARN 59076 --- [library-management] [main] JpaBaseConfiguration$JpaWebConfiguration : spring.jpa.open-in-view is enabled by default. Therefore, database queries may be performed during view rendering. Explicitly configure spring.jpa.open-in-view to disable this warning
2026-07-28T11:06:31.903+07:00  INFO 59076 --- [library-management] [main] o.s.boot.tomcat.TomcatWebServer          : Tomcat started on port 8080 (http) with context path '/api'
2026-07-28T11:06:31.911+07:00  INFO 59076 --- [library-management] [main] c.e.l.LibraryManagementApplication       : Started LibraryManagementApplication in 5.427 seconds (process running for 5.839)
2026-07-28T11:07:22.307+07:00  INFO 59076 --- [library-management] [http-nio-8080-exec-1] o.a.c.c.C.[Tomcat].[localhost].[/api]    : Initializing Spring DispatcherServlet 'dispatcherServlet'
2026-07-28T11:07:22.307+07:00  INFO 59076 --- [library-management] [http-nio-8080-exec-1] o.s.web.servlet.DispatcherServlet        : Initializing Servlet 'dispatcherServlet'
2026-07-28T11:07:22.310+07:00  INFO 59076 --- [library-management] [http-nio-8080-exec-1] o.s.web.servlet.DispatcherServlet        : Completed initialization in 2 ms
2026-07-28T11:07:23.153+07:00  WARN 59076 --- [library-management] [http-nio-8080-exec-6] ration$PageModule$WarningLoggingModifier : Serializing PageImpl instances as-is is not supported, meaning that there is no guarantee about the stability of the resulting JSON structure!
	For a stable JSON structure, please use Spring Data's PagedModel (globally via @EnableSpringDataWebSupport(pageSerializationMode = VIA_DTO))
	or Spring HATEOAS and Spring Data's PagedResourcesAssembler as documented in https://docs.spring.io/spring-data/commons/reference/repositories/core-extensions.html#core.web.pageables.

2026-07-28T11:10:29.777+07:00  INFO 59076 --- [library-management] [http-nio-8080-exec-5] c.e.library_management.util.AuditLogger  : [Updated @{}, ID #{}] marcus_vtest
2026-07-28T11:10:29.778+07:00  INFO 59076 --- [library-management] [http-nio-8080-exec-4] c.e.library_management.util.AuditLogger  : [Updated @{}, ID #{}] marcus_vtest
2026-07-28T11:10:29.822+07:00  INFO 59076 --- [library-management] [http-nio-8080-exec-9] c.e.library_management.util.AuditLogger  : [Updated role for @{}, ID #{} to {}] marcus_vtest
2026-07-28T11:10:29.822+07:00  INFO 59076 --- [library-management] [http-nio-8080-exec-10] c.e.library_management.util.AuditLogger  : [Updated role for @{}, ID #{} to {}] marcus_vtest
2026-07-28T11:11:08.842+07:00  INFO 59076 --- [library-management] [http-nio-8080-exec-3] c.e.library_management.util.AuditLogger  : [Updated @{}, ID #{}] marcus_v
2026-07-28T11:11:08.843+07:00  INFO 59076 --- [library-management] [http-nio-8080-exec-1] c.e.library_management.util.AuditLogger  : [Updated @{}, ID #{}] marcus_v
2026-07-28T11:11:08.870+07:00  INFO 59076 --- [library-management] [http-nio-8080-exec-5] c.e.library_management.util.AuditLogger  : [Updated role for @{}, ID #{} to {}] marcus_v
2026-07-28T11:11:08.870+07:00  INFO 59076 --- [library-management] [http-nio-8080-exec-4] c.e.library_management.util.AuditLogger  : [Updated role for @{}, ID #{} to {}] marcus_v
2026-07-28T11:17:24.744+07:00 ERROR 59076 --- [library-management] [http-nio-8080-exec-6] c.e.l.exception.GlobalExceptionHandler   : Exception code 500: JSON parse error: Cannot deserialize value of type `java.lang.String` from Object value (token `JsonToken.START_OBJECT`)
2026-07-28T11:17:24.744+07:00 ERROR 59076 --- [library-management] [http-nio-8080-exec-2] c.e.l.exception.GlobalExceptionHandler   : Exception code 500: JSON parse error: Cannot deserialize value of type `java.lang.String` from Object value (token `JsonToken.START_OBJECT`)
2026-07-28T11:17:24.744+07:00 ERROR 59076 --- [library-management] [http-nio-8080-exec-3] c.e.l.exception.GlobalExceptionHandler   : Exception code 500: JSON parse error: Cannot deserialize value of type `java.lang.String` from Object value (token `JsonToken.START_OBJECT`)
2026-07-28T11:17:24.744+07:00 ERROR 59076 --- [library-management] [http-nio-8080-exec-1] c.e.l.exception.GlobalExceptionHandler   : Exception code 500: JSON parse error: Cannot deserialize value of type `java.lang.String` from Object value (token `JsonToken.START_OBJECT`)
2026-07-28T11:18:17.946+07:00 ERROR 59076 --- [library-management] [http-nio-8080-exec-6] c.e.l.exception.GlobalExceptionHandler   : Exception code 500: JSON parse error: Cannot deserialize value of type `java.lang.String` from Object value (token `JsonToken.START_OBJECT`)
2026-07-28T11:18:17.948+07:00 ERROR 59076 --- [library-management] [http-nio-8080-exec-1] c.e.l.exception.GlobalExceptionHandler   : Exception code 500: JSON parse error: Cannot deserialize value of type `java.lang.String` from Object value (token `JsonToken.START_OBJECT`)
2026-07-28T11:18:17.956+07:00  INFO 59076 --- [library-management] [http-nio-8080-exec-7] c.e.library_management.util.AuditLogger  : [Updated role for @{}, ID #{} to {}] chloe_l
2026-07-28T11:18:17.956+07:00  INFO 59076 --- [library-management] [http-nio-8080-exec-4] c.e.library_management.util.AuditLogger  : [Updated role for @{}, ID #{} to {}] chloe_l
2026-07-28T11:18:36.898+07:00 ERROR 59076 --- [library-management] [http-nio-8080-exec-7] c.e.l.exception.GlobalExceptionHandler   : Exception code 500: JSON parse error: Cannot deserialize value of type `java.lang.String` from Object value (token `JsonToken.START_OBJECT`)
2026-07-28T11:18:36.898+07:00 ERROR 59076 --- [library-management] [http-nio-8080-exec-10] c.e.l.exception.GlobalExceptionHandler   : Exception code 500: JSON parse error: Cannot deserialize value of type `java.lang.String` from Object value (token `JsonToken.START_OBJECT`)
2026-07-28T11:18:36.909+07:00  INFO 59076 --- [library-management] [http-nio-8080-exec-9] c.e.library_management.util.AuditLogger  : [Updated role for @{}, ID #{} to {}] chloe_l
2026-07-28T11:18:36.909+07:00  INFO 59076 --- [library-management] [http-nio-8080-exec-4] c.e.library_management.util.AuditLogger  : [Updated role for @{}, ID #{} to {}] chloe_l
2026-07-28T11:18:37.762+07:00 ERROR 59076 --- [library-management] [http-nio-8080-exec-5] c.e.l.exception.GlobalExceptionHandler   : Exception code 500: JSON parse error: Cannot deserialize value of type `java.lang.String` from Object value (token `JsonToken.START_OBJECT`)
2026-07-28T11:18:37.763+07:00 ERROR 59076 --- [library-management] [http-nio-8080-exec-2] c.e.l.exception.GlobalExceptionHandler   : Exception code 500: JSON parse error: Cannot deserialize value of type `java.lang.String` from Object value (token `JsonToken.START_OBJECT`)
2026-07-28T11:18:37.770+07:00  INFO 59076 --- [library-management] [http-nio-8080-exec-8] c.e.library_management.util.AuditLogger  : [Updated role for @{}, ID #{} to {}] chloe_l
2026-07-28T11:18:37.774+07:00  INFO 59076 --- [library-management] [http-nio-8080-exec-6] c.e.library_management.util.AuditLogger  : [Updated role for @{}, ID #{} to {}] chloe_l
2026-07-28T11:21:45.579+07:00 ERROR 59076 --- [library-management] [http-nio-8080-exec-10] c.e.l.exception.GlobalExceptionHandler   : Exception code 500: JSON parse error: Cannot deserialize value of type `java.lang.String` from Object value (token `JsonToken.START_OBJECT`)
2026-07-28T11:21:45.580+07:00 ERROR 59076 --- [library-management] [http-nio-8080-exec-1] c.e.l.exception.GlobalExceptionHandler   : Exception code 500: JSON parse error: Cannot deserialize value of type `java.lang.String` from Object value (token `JsonToken.START_OBJECT`)
2026-07-28T11:21:45.594+07:00  INFO 59076 --- [library-management] [http-nio-8080-exec-3] c.e.library_management.util.AuditLogger  : [Updated role for @{}, ID #{} to {}] chloe_l
2026-07-28T11:21:45.608+07:00  INFO 59076 --- [library-management] [http-nio-8080-exec-7] c.e.library_management.util.AuditLogger  : [Updated role for @{}, ID #{} to {}] chloe_l
2026-07-28T11:22:42.470+07:00  INFO 59076 --- [library-management] [SpringApplicationShutdownHook] o.s.boot.tomcat.GracefulShutdown         : Commencing graceful shutdown. Waiting for active requests to complete
2026-07-28T11:22:42.488+07:00  INFO 59076 --- [library-management] [tomcat-shutdown] o.s.boot.tomcat.GracefulShutdown         : Graceful shutdown complete
2026-07-28T11:22:42.517+07:00  INFO 59076 --- [library-management] [SpringApplicationShutdownHook] j.LocalContainerEntityManagerFactoryBean : Closing JPA EntityManagerFactory for persistence unit 'default'
2026-07-28T11:22:42.552+07:00  INFO 59076 --- [library-management] [SpringApplicationShutdownHook] com.zaxxer.hikari.HikariDataSource       : HikariPool-1 - Shutdown initiated...
2026-07-28T11:22:42.596+07:00  INFO 59076 --- [library-management] [SpringApplicationShutdownHook] com.zaxxer.hikari.HikariDataSource       : HikariPool-1 - Shutdown completed.
2026-07-28T11:22:46.528+07:00  INFO 27912 --- [library-management] [main] c.e.l.LibraryManagementApplication       : Starting LibraryManagementApplication using Java 23.0.2 with PID 27912 (C:\Users\baona\Desktop\School\25-26\Co-op 26\TT Viettel\Project\TT_Viettel_Software-Library_Management\be\target\classes started by baona in C:\Users\baona\Desktop\School\25-26\Co-op 26\TT Viettel\Project\TT_Viettel_Software-Library_Management\be)
2026-07-28T11:22:46.531+07:00  INFO 27912 --- [library-management] [main] c.e.l.LibraryManagementApplication       : No active profile set, falling back to 1 default profile: "default"
2026-07-28T11:22:47.260+07:00  INFO 27912 --- [library-management] [main] .s.d.r.c.RepositoryConfigurationDelegate : Bootstrapping Spring Data JPA repositories in DEFAULT mode.
2026-07-28T11:22:47.323+07:00  INFO 27912 --- [library-management] [main] .s.d.r.c.RepositoryConfigurationDelegate : Finished Spring Data repository scanning in 57 ms. Found 9 JPA repository interfaces.
2026-07-28T11:22:47.858+07:00  INFO 27912 --- [library-management] [main] o.s.boot.tomcat.TomcatWebServer          : Tomcat initialized with port 8080 (http)
2026-07-28T11:22:47.869+07:00  INFO 27912 --- [library-management] [main] o.apache.catalina.core.StandardService   : Starting service [Tomcat]
2026-07-28T11:22:47.870+07:00  INFO 27912 --- [library-management] [main] o.apache.catalina.core.StandardEngine    : Starting Servlet engine: [Apache Tomcat/11.0.21]
2026-07-28T11:22:47.913+07:00  INFO 27912 --- [library-management] [main] b.w.c.s.WebApplicationContextInitializer : Root WebApplicationContext: initialization completed in 1322 ms
2026-07-28T11:22:48.020+07:00  INFO 27912 --- [library-management] [main] org.hibernate.orm.jpa                    : HHH008540: Processing PersistenceUnitInfo [name: default]
2026-07-28T11:22:48.072+07:00  INFO 27912 --- [library-management] [main] org.hibernate.orm.core                   : HHH000001: Hibernate ORM core version 7.2.12.Final
2026-07-28T11:22:48.439+07:00  INFO 27912 --- [library-management] [main] o.s.o.j.p.SpringPersistenceUnitInfo      : No LoadTimeWeaver setup: ignoring JPA class transformer
2026-07-28T11:22:48.468+07:00  INFO 27912 --- [library-management] [main] com.zaxxer.hikari.HikariDataSource       : HikariPool-1 - Starting...
2026-07-28T11:22:48.799+07:00  INFO 27912 --- [library-management] [main] com.zaxxer.hikari.pool.HikariPool        : HikariPool-1 - Added connection com.mysql.cj.jdbc.ConnectionImpl@62410e1f
2026-07-28T11:22:48.800+07:00  INFO 27912 --- [library-management] [main] com.zaxxer.hikari.HikariDataSource       : HikariPool-1 - Start completed.
2026-07-28T11:22:48.867+07:00  INFO 27912 --- [library-management] [main] org.hibernate.orm.connections.pooling    : HHH10001005: Database info:
	Database JDBC URL [jdbc:mysql://localhost:3306/library_db?zeroDateTimeBehavior=CONVERT_TO_NULL]
	Database driver: MySQL Connector/J
	Database dialect: MySQLDialect
	Database version: 8.0.39
	Default catalog/schema: library_db/undefined
	Autocommit mode: undefined/unknown
	Isolation level: REPEATABLE_READ [default REPEATABLE_READ]
	JDBC fetch size: none
	Pool: DataSourceConnectionProvider
	Minimum pool size: undefined/unknown
	Maximum pool size: undefined/unknown
2026-07-28T11:22:49.817+07:00  INFO 27912 --- [library-management] [main] org.hibernate.orm.core                   : HHH000489: No JTA platform available (set 'hibernate.transaction.jta.platform' to enable JTA platform integration)
2026-07-28T11:22:49.909+07:00  INFO 27912 --- [library-management] [main] j.LocalContainerEntityManagerFactoryBean : Initialized JPA EntityManagerFactory for persistence unit 'default'
2026-07-28T11:22:49.958+07:00  INFO 27912 --- [library-management] [main] o.s.d.j.r.query.QueryEnhancerFactories   : Hibernate is in classpath; If applicable, HQL parser will be used.
2026-07-28T11:22:50.242+07:00  INFO 27912 --- [library-management] [main] eAuthenticationProviderManagerConfigurer : Global AuthenticationManager configured with AuthenticationProvider bean with name authenticationProvider
2026-07-28T11:22:50.242+07:00  WARN 27912 --- [library-management] [main] r$InitializeUserDetailsManagerConfigurer : Global AuthenticationManager configured with an AuthenticationProvider bean. UserDetailsService beans will not be used by Spring Security for automatically configuring username/password login. Consider removing the AuthenticationProvider bean. Alternatively, consider using the UserDetailsService in a manually instantiated DaoAuthenticationProvider. If the current configuration is intentional, to turn off this warning, increase the logging level of 'org.springframework.security.config.annotation.authentication.configuration.InitializeUserDetailsBeanManagerConfigurer' to ERROR
2026-07-28T11:22:51.404+07:00  WARN 27912 --- [library-management] [main] JpaBaseConfiguration$JpaWebConfiguration : spring.jpa.open-in-view is enabled by default. Therefore, database queries may be performed during view rendering. Explicitly configure spring.jpa.open-in-view to disable this warning
2026-07-28T11:22:51.945+07:00  INFO 27912 --- [library-management] [main] o.s.boot.tomcat.TomcatWebServer          : Tomcat started on port 8080 (http) with context path '/api'
2026-07-28T11:22:51.954+07:00  INFO 27912 --- [library-management] [main] c.e.l.LibraryManagementApplication       : Started LibraryManagementApplication in 5.888 seconds (process running for 6.326)
2026-07-28T11:22:56.918+07:00  INFO 27912 --- [library-management] [http-nio-8080-exec-4] o.a.c.c.C.[Tomcat].[localhost].[/api]    : Initializing Spring DispatcherServlet 'dispatcherServlet'
2026-07-28T11:22:56.918+07:00  INFO 27912 --- [library-management] [http-nio-8080-exec-4] o.s.web.servlet.DispatcherServlet        : Initializing Servlet 'dispatcherServlet'
2026-07-28T11:22:56.918+07:00  INFO 27912 --- [library-management] [http-nio-8080-exec-4] o.s.web.servlet.DispatcherServlet        : Completed initialization in 0 ms
2026-07-28T11:22:57.498+07:00 ERROR 27912 --- [library-management] [http-nio-8080-exec-2] c.e.l.exception.GlobalExceptionHandler   : Exception code 500: JSON parse error: Cannot deserialize value of type `java.lang.String` from Object value (token `JsonToken.START_OBJECT`)
2026-07-28T11:22:57.498+07:00 ERROR 27912 --- [library-management] [http-nio-8080-exec-6] c.e.l.exception.GlobalExceptionHandler   : Exception code 500: JSON parse error: Cannot deserialize value of type `java.lang.String` from Object value (token `JsonToken.START_OBJECT`)
2026-07-28T11:22:57.608+07:00  INFO 27912 --- [library-management] [http-nio-8080-exec-3] c.e.library_management.util.AuditLogger  : [Updated role for @{}, ID #{} to {}] chloe_l
2026-07-28T11:22:57.608+07:00  INFO 27912 --- [library-management] [http-nio-8080-exec-7] c.e.library_management.util.AuditLogger  : [Updated role for @{}, ID #{} to {}] chloe_l
2026-07-28T11:23:32.584+07:00 ERROR 27912 --- [library-management] [http-nio-8080-exec-2] c.e.l.exception.GlobalExceptionHandler   : Exception code 500: JSON parse error: Cannot deserialize value of type `java.lang.String` from Object value (token `JsonToken.START_OBJECT`)
2026-07-28T11:23:32.584+07:00 ERROR 27912 --- [library-management] [http-nio-8080-exec-8] c.e.l.exception.GlobalExceptionHandler   : Exception code 500: JSON parse error: Cannot deserialize value of type `java.lang.String` from Object value (token `JsonToken.START_OBJECT`)
2026-07-28T11:23:32.600+07:00  INFO 27912 --- [library-management] [http-nio-8080-exec-4] c.e.library_management.util.AuditLogger  : [Updated role for @{}, ID #{} to {}] chloe_l
2026-07-28T11:23:32.606+07:00  INFO 27912 --- [library-management] [http-nio-8080-exec-6] c.e.library_management.util.AuditLogger  : [Updated role for @{}, ID #{} to {}] chloe_l
2026-07-28T11:26:15.573+07:00  INFO 27912 --- [library-management] [SpringApplicationShutdownHook] o.s.boot.tomcat.GracefulShutdown         : Commencing graceful shutdown. Waiting for active requests to complete
2026-07-28T11:26:15.582+07:00  INFO 27912 --- [library-management] [tomcat-shutdown] o.s.boot.tomcat.GracefulShutdown         : Graceful shutdown complete
2026-07-28T11:26:15.586+07:00  INFO 27912 --- [library-management] [SpringApplicationShutdownHook] j.LocalContainerEntityManagerFactoryBean : Closing JPA EntityManagerFactory for persistence unit 'default'
2026-07-28T11:26:15.588+07:00  INFO 27912 --- [library-management] [SpringApplicationShutdownHook] com.zaxxer.hikari.HikariDataSource       : HikariPool-1 - Shutdown initiated...
2026-07-28T11:26:15.593+07:00  INFO 27912 --- [library-management] [SpringApplicationShutdownHook] com.zaxxer.hikari.HikariDataSource       : HikariPool-1 - Shutdown completed.
2026-07-28T11:27:12.995+07:00  INFO 76116 --- [library-management] [main] c.e.l.LibraryManagementApplication       : Starting LibraryManagementApplication using Java 23.0.2 with PID 76116 (C:\Users\baona\Desktop\School\25-26\Co-op 26\TT Viettel\Project\TT_Viettel_Software-Library_Management\be\target\classes started by baona in C:\Users\baona\Desktop\School\25-26\Co-op 26\TT Viettel\Project\TT_Viettel_Software-Library_Management\be)
2026-07-28T11:27:12.998+07:00  INFO 76116 --- [library-management] [main] c.e.l.LibraryManagementApplication       : No active profile set, falling back to 1 default profile: "default"
2026-07-28T11:27:13.648+07:00  INFO 76116 --- [library-management] [main] .s.d.r.c.RepositoryConfigurationDelegate : Bootstrapping Spring Data JPA repositories in DEFAULT mode.
2026-07-28T11:27:13.712+07:00  INFO 76116 --- [library-management] [main] .s.d.r.c.RepositoryConfigurationDelegate : Finished Spring Data repository scanning in 59 ms. Found 9 JPA repository interfaces.
2026-07-28T11:27:14.202+07:00  INFO 76116 --- [library-management] [main] o.s.boot.tomcat.TomcatWebServer          : Tomcat initialized with port 8080 (http)
2026-07-28T11:27:14.211+07:00  INFO 76116 --- [library-management] [main] o.apache.catalina.core.StandardService   : Starting service [Tomcat]
2026-07-28T11:27:14.212+07:00  INFO 76116 --- [library-management] [main] o.apache.catalina.core.StandardEngine    : Starting Servlet engine: [Apache Tomcat/11.0.21]
2026-07-28T11:27:14.253+07:00  INFO 76116 --- [library-management] [main] b.w.c.s.WebApplicationContextInitializer : Root WebApplicationContext: initialization completed in 1204 ms
2026-07-28T11:27:14.361+07:00  INFO 76116 --- [library-management] [main] org.hibernate.orm.jpa                    : HHH008540: Processing PersistenceUnitInfo [name: default]
2026-07-28T11:27:14.393+07:00  INFO 76116 --- [library-management] [main] org.hibernate.orm.core                   : HHH000001: Hibernate ORM core version 7.2.12.Final
2026-07-28T11:27:14.691+07:00  INFO 76116 --- [library-management] [main] o.s.o.j.p.SpringPersistenceUnitInfo      : No LoadTimeWeaver setup: ignoring JPA class transformer
2026-07-28T11:27:14.711+07:00  INFO 76116 --- [library-management] [main] com.zaxxer.hikari.HikariDataSource       : HikariPool-1 - Starting...
2026-07-28T11:27:14.962+07:00  INFO 76116 --- [library-management] [main] com.zaxxer.hikari.pool.HikariPool        : HikariPool-1 - Added connection com.mysql.cj.jdbc.ConnectionImpl@6bd2f039
2026-07-28T11:27:14.963+07:00  INFO 76116 --- [library-management] [main] com.zaxxer.hikari.HikariDataSource       : HikariPool-1 - Start completed.
2026-07-28T11:27:15.019+07:00  INFO 76116 --- [library-management] [main] org.hibernate.orm.connections.pooling    : HHH10001005: Database info:
	Database JDBC URL [jdbc:mysql://localhost:3306/library_db?zeroDateTimeBehavior=CONVERT_TO_NULL]
	Database driver: MySQL Connector/J
	Database dialect: MySQLDialect
	Database version: 8.0.39
	Default catalog/schema: library_db/undefined
	Autocommit mode: undefined/unknown
	Isolation level: REPEATABLE_READ [default REPEATABLE_READ]
	JDBC fetch size: none
	Pool: DataSourceConnectionProvider
	Minimum pool size: undefined/unknown
	Maximum pool size: undefined/unknown
2026-07-28T11:27:15.832+07:00  INFO 76116 --- [library-management] [main] org.hibernate.orm.core                   : HHH000489: No JTA platform available (set 'hibernate.transaction.jta.platform' to enable JTA platform integration)
2026-07-28T11:27:15.910+07:00  INFO 76116 --- [library-management] [main] j.LocalContainerEntityManagerFactoryBean : Initialized JPA EntityManagerFactory for persistence unit 'default'
2026-07-28T11:27:15.960+07:00  INFO 76116 --- [library-management] [main] o.s.d.j.r.query.QueryEnhancerFactories   : Hibernate is in classpath; If applicable, HQL parser will be used.
2026-07-28T11:27:16.239+07:00  INFO 76116 --- [library-management] [main] eAuthenticationProviderManagerConfigurer : Global AuthenticationManager configured with AuthenticationProvider bean with name authenticationProvider
2026-07-28T11:27:16.240+07:00  WARN 76116 --- [library-management] [main] r$InitializeUserDetailsManagerConfigurer : Global AuthenticationManager configured with an AuthenticationProvider bean. UserDetailsService beans will not be used by Spring Security for automatically configuring username/password login. Consider removing the AuthenticationProvider bean. Alternatively, consider using the UserDetailsService in a manually instantiated DaoAuthenticationProvider. If the current configuration is intentional, to turn off this warning, increase the logging level of 'org.springframework.security.config.annotation.authentication.configuration.InitializeUserDetailsBeanManagerConfigurer' to ERROR
2026-07-28T11:27:17.337+07:00  WARN 76116 --- [library-management] [main] JpaBaseConfiguration$JpaWebConfiguration : spring.jpa.open-in-view is enabled by default. Therefore, database queries may be performed during view rendering. Explicitly configure spring.jpa.open-in-view to disable this warning
2026-07-28T11:27:17.814+07:00  INFO 76116 --- [library-management] [main] o.s.boot.tomcat.TomcatWebServer          : Tomcat started on port 8080 (http) with context path '/api'
2026-07-28T11:27:17.821+07:00  INFO 76116 --- [library-management] [main] c.e.l.LibraryManagementApplication       : Started LibraryManagementApplication in 5.212 seconds (process running for 5.614)
2026-07-28T11:27:30.044+07:00  INFO 76116 --- [library-management] [http-nio-8080-exec-2] o.a.c.c.C.[Tomcat].[localhost].[/api]    : Initializing Spring DispatcherServlet 'dispatcherServlet'
2026-07-28T11:27:30.044+07:00  INFO 76116 --- [library-management] [http-nio-8080-exec-2] o.s.web.servlet.DispatcherServlet        : Initializing Servlet 'dispatcherServlet'
2026-07-28T11:27:30.046+07:00  INFO 76116 --- [library-management] [http-nio-8080-exec-2] o.s.web.servlet.DispatcherServlet        : Completed initialization in 2 ms
2026-07-28T11:27:30.818+07:00  WARN 76116 --- [library-management] [http-nio-8080-exec-6] ration$PageModule$WarningLoggingModifier : Serializing PageImpl instances as-is is not supported, meaning that there is no guarantee about the stability of the resulting JSON structure!
	For a stable JSON structure, please use Spring Data's PagedModel (globally via @EnableSpringDataWebSupport(pageSerializationMode = VIA_DTO))
	or Spring HATEOAS and Spring Data's PagedResourcesAssembler as documented in https://docs.spring.io/spring-data/commons/reference/repositories/core-extensions.html#core.web.pageables.

2026-07-28T11:27:38.957+07:00 ERROR 76116 --- [library-management] [http-nio-8080-exec-6] c.e.l.exception.GlobalExceptionHandler   : Exception code 500: The given id must not be null
2026-07-28T11:27:38.957+07:00 ERROR 76116 --- [library-management] [http-nio-8080-exec-5] c.e.l.exception.GlobalExceptionHandler   : Exception code 500: The given id must not be null
2026-07-28T11:27:38.970+07:00  INFO 76116 --- [library-management] [http-nio-8080-exec-8] c.e.library_management.util.AuditLogger  : [Updated @{}, ID #{}] chloe_l
2026-07-28T11:27:38.970+07:00  INFO 76116 --- [library-management] [http-nio-8080-exec-7] c.e.library_management.util.AuditLogger  : [Updated @{}, ID #{}] chloe_l
2026-07-28T11:27:57.189+07:00  INFO 76116 --- [library-management] [http-nio-8080-exec-5] c.e.library_management.util.AuditLogger  : [Updated @{}, ID #{}] chloe_l
2026-07-28T11:27:57.189+07:00  INFO 76116 --- [library-management] [http-nio-8080-exec-1] c.e.library_management.util.AuditLogger  : [Updated @{}, ID #{}] chloe_l
2026-07-28T11:27:57.192+07:00 ERROR 76116 --- [library-management] [http-nio-8080-exec-6] c.e.l.exception.GlobalExceptionHandler   : Exception code 500: The given id must not be null
2026-07-28T11:27:57.192+07:00 ERROR 76116 --- [library-management] [http-nio-8080-exec-9] c.e.l.exception.GlobalExceptionHandler   : Exception code 500: The given id must not be null
2026-07-28T11:28:52.255+07:00  INFO 76116 --- [library-management] [http-nio-8080-exec-1] c.e.library_management.util.AuditLogger  : [Updated @{}, ID #{}] chloe_l
2026-07-28T11:28:52.258+07:00 ERROR 76116 --- [library-management] [http-nio-8080-exec-3] c.e.l.exception.GlobalExceptionHandler   : Exception code 500: The given id must not be null
2026-07-28T11:28:52.268+07:00  INFO 76116 --- [library-management] [http-nio-8080-exec-8] c.e.library_management.util.AuditLogger  : [Updated @{}, ID #{}] chloe_l
2026-07-28T11:28:52.276+07:00 ERROR 76116 --- [library-management] [http-nio-8080-exec-9] c.e.l.exception.GlobalExceptionHandler   : Exception code 500: The given id must not be null
2026-07-28T11:32:05.082+07:00  INFO 76116 --- [library-management] [SpringApplicationShutdownHook] o.s.boot.tomcat.GracefulShutdown         : Commencing graceful shutdown. Waiting for active requests to complete
2026-07-28T11:32:05.089+07:00  INFO 76116 --- [library-management] [tomcat-shutdown] o.s.boot.tomcat.GracefulShutdown         : Graceful shutdown complete
2026-07-28T11:32:05.094+07:00  INFO 76116 --- [library-management] [SpringApplicationShutdownHook] j.LocalContainerEntityManagerFactoryBean : Closing JPA EntityManagerFactory for persistence unit 'default'
2026-07-28T11:32:05.096+07:00  INFO 76116 --- [library-management] [SpringApplicationShutdownHook] com.zaxxer.hikari.HikariDataSource       : HikariPool-1 - Shutdown initiated...
2026-07-28T11:32:05.101+07:00  INFO 76116 --- [library-management] [SpringApplicationShutdownHook] com.zaxxer.hikari.HikariDataSource       : HikariPool-1 - Shutdown completed.
2026-07-28T11:32:08.804+07:00  INFO 71872 --- [library-management] [main] c.e.l.LibraryManagementApplication       : Starting LibraryManagementApplication using Java 23.0.2 with PID 71872 (C:\Users\baona\Desktop\School\25-26\Co-op 26\TT Viettel\Project\TT_Viettel_Software-Library_Management\be\target\classes started by baona in C:\Users\baona\Desktop\School\25-26\Co-op 26\TT Viettel\Project\TT_Viettel_Software-Library_Management\be)
2026-07-28T11:32:08.807+07:00  INFO 71872 --- [library-management] [main] c.e.l.LibraryManagementApplication       : No active profile set, falling back to 1 default profile: "default"
2026-07-28T11:32:09.496+07:00  INFO 71872 --- [library-management] [main] .s.d.r.c.RepositoryConfigurationDelegate : Bootstrapping Spring Data JPA repositories in DEFAULT mode.
2026-07-28T11:32:09.563+07:00  INFO 71872 --- [library-management] [main] .s.d.r.c.RepositoryConfigurationDelegate : Finished Spring Data repository scanning in 61 ms. Found 9 JPA repository interfaces.
2026-07-28T11:32:10.055+07:00  INFO 71872 --- [library-management] [main] o.s.boot.tomcat.TomcatWebServer          : Tomcat initialized with port 8080 (http)
2026-07-28T11:32:10.064+07:00  INFO 71872 --- [library-management] [main] o.apache.catalina.core.StandardService   : Starting service [Tomcat]
2026-07-28T11:32:10.065+07:00  INFO 71872 --- [library-management] [main] o.apache.catalina.core.StandardEngine    : Starting Servlet engine: [Apache Tomcat/11.0.21]
2026-07-28T11:32:10.101+07:00  INFO 71872 --- [library-management] [main] b.w.c.s.WebApplicationContextInitializer : Root WebApplicationContext: initialization completed in 1244 ms
2026-07-28T11:32:10.200+07:00  INFO 71872 --- [library-management] [main] org.hibernate.orm.jpa                    : HHH008540: Processing PersistenceUnitInfo [name: default]
2026-07-28T11:32:10.235+07:00  INFO 71872 --- [library-management] [main] org.hibernate.orm.core                   : HHH000001: Hibernate ORM core version 7.2.12.Final
2026-07-28T11:32:10.564+07:00  INFO 71872 --- [library-management] [main] o.s.o.j.p.SpringPersistenceUnitInfo      : No LoadTimeWeaver setup: ignoring JPA class transformer
2026-07-28T11:32:10.588+07:00  INFO 71872 --- [library-management] [main] com.zaxxer.hikari.HikariDataSource       : HikariPool-1 - Starting...
2026-07-28T11:32:10.853+07:00  INFO 71872 --- [library-management] [main] com.zaxxer.hikari.pool.HikariPool        : HikariPool-1 - Added connection com.mysql.cj.jdbc.ConnectionImpl@2d0778d0
2026-07-28T11:32:10.855+07:00  INFO 71872 --- [library-management] [main] com.zaxxer.hikari.HikariDataSource       : HikariPool-1 - Start completed.
2026-07-28T11:32:10.912+07:00  INFO 71872 --- [library-management] [main] org.hibernate.orm.connections.pooling    : HHH10001005: Database info:
	Database JDBC URL [jdbc:mysql://localhost:3306/library_db?zeroDateTimeBehavior=CONVERT_TO_NULL]
	Database driver: MySQL Connector/J
	Database dialect: MySQLDialect
	Database version: 8.0.39
	Default catalog/schema: library_db/undefined
	Autocommit mode: undefined/unknown
	Isolation level: REPEATABLE_READ [default REPEATABLE_READ]
	JDBC fetch size: none
	Pool: DataSourceConnectionProvider
	Minimum pool size: undefined/unknown
	Maximum pool size: undefined/unknown
2026-07-28T11:32:11.846+07:00  INFO 71872 --- [library-management] [main] org.hibernate.orm.core                   : HHH000489: No JTA platform available (set 'hibernate.transaction.jta.platform' to enable JTA platform integration)
2026-07-28T11:32:11.919+07:00  INFO 71872 --- [library-management] [main] j.LocalContainerEntityManagerFactoryBean : Initialized JPA EntityManagerFactory for persistence unit 'default'
2026-07-28T11:32:11.976+07:00  INFO 71872 --- [library-management] [main] o.s.d.j.r.query.QueryEnhancerFactories   : Hibernate is in classpath; If applicable, HQL parser will be used.
2026-07-28T11:32:12.263+07:00  INFO 71872 --- [library-management] [main] eAuthenticationProviderManagerConfigurer : Global AuthenticationManager configured with AuthenticationProvider bean with name authenticationProvider
2026-07-28T11:32:12.264+07:00  WARN 71872 --- [library-management] [main] r$InitializeUserDetailsManagerConfigurer : Global AuthenticationManager configured with an AuthenticationProvider bean. UserDetailsService beans will not be used by Spring Security for automatically configuring username/password login. Consider removing the AuthenticationProvider bean. Alternatively, consider using the UserDetailsService in a manually instantiated DaoAuthenticationProvider. If the current configuration is intentional, to turn off this warning, increase the logging level of 'org.springframework.security.config.annotation.authentication.configuration.InitializeUserDetailsBeanManagerConfigurer' to ERROR
2026-07-28T11:32:13.322+07:00  WARN 71872 --- [library-management] [main] JpaBaseConfiguration$JpaWebConfiguration : spring.jpa.open-in-view is enabled by default. Therefore, database queries may be performed during view rendering. Explicitly configure spring.jpa.open-in-view to disable this warning
2026-07-28T11:32:13.821+07:00  INFO 71872 --- [library-management] [main] o.s.boot.tomcat.TomcatWebServer          : Tomcat started on port 8080 (http) with context path '/api'
2026-07-28T11:32:13.828+07:00  INFO 71872 --- [library-management] [main] c.e.l.LibraryManagementApplication       : Started LibraryManagementApplication in 5.433 seconds (process running for 5.813)
2026-07-28T11:32:18.836+07:00  INFO 71872 --- [library-management] [http-nio-8080-exec-2] o.a.c.c.C.[Tomcat].[localhost].[/api]    : Initializing Spring DispatcherServlet 'dispatcherServlet'
2026-07-28T11:32:18.836+07:00  INFO 71872 --- [library-management] [http-nio-8080-exec-2] o.s.web.servlet.DispatcherServlet        : Initializing Servlet 'dispatcherServlet'
2026-07-28T11:32:18.838+07:00  INFO 71872 --- [library-management] [http-nio-8080-exec-2] o.s.web.servlet.DispatcherServlet        : Completed initialization in 1 ms
2026-07-28T11:32:19.371+07:00 ERROR 71872 --- [library-management] [http-nio-8080-exec-5] c.e.l.exception.GlobalExceptionHandler   : Exception code 500: JSON parse error: Cannot construct instance of `com.example.library_management.dto.request.RoleRequest` (although at least one Creator exists): no int/Int-argument constructor/factory method to deserialize from Number value (2)
2026-07-28T11:32:19.371+07:00 ERROR 71872 --- [library-management] [http-nio-8080-exec-6] c.e.l.exception.GlobalExceptionHandler   : Exception code 500: JSON parse error: Cannot construct instance of `com.example.library_management.dto.request.RoleRequest` (although at least one Creator exists): no int/Int-argument constructor/factory method to deserialize from Number value (2)
2026-07-28T11:32:19.473+07:00  INFO 71872 --- [library-management] [http-nio-8080-exec-7] c.e.library_management.util.AuditLogger  : [Updated @{}, ID #{}] chloe_l
2026-07-28T11:32:19.473+07:00  INFO 71872 --- [library-management] [http-nio-8080-exec-8] c.e.library_management.util.AuditLogger  : [Updated @{}, ID #{}] chloe_l
2026-07-28T11:32:22.076+07:00  WARN 71872 --- [library-management] [http-nio-8080-exec-1] ration$PageModule$WarningLoggingModifier : Serializing PageImpl instances as-is is not supported, meaning that there is no guarantee about the stability of the resulting JSON structure!
	For a stable JSON structure, please use Spring Data's PagedModel (globally via @EnableSpringDataWebSupport(pageSerializationMode = VIA_DTO))
	or Spring HATEOAS and Spring Data's PagedResourcesAssembler as documented in https://docs.spring.io/spring-data/commons/reference/repositories/core-extensions.html#core.web.pageables.

2026-07-28T11:32:30.122+07:00 ERROR 71872 --- [library-management] [http-nio-8080-exec-2] c.e.l.exception.GlobalExceptionHandler   : Exception code 500: JSON parse error: Cannot construct instance of `com.example.library_management.dto.request.RoleRequest` (although at least one Creator exists): no int/Int-argument constructor/factory method to deserialize from Number value (2)
2026-07-28T11:32:30.122+07:00 ERROR 71872 --- [library-management] [http-nio-8080-exec-8] c.e.l.exception.GlobalExceptionHandler   : Exception code 500: JSON parse error: Cannot construct instance of `com.example.library_management.dto.request.RoleRequest` (although at least one Creator exists): no int/Int-argument constructor/factory method to deserialize from Number value (2)
2026-07-28T11:32:30.132+07:00  INFO 71872 --- [library-management] [http-nio-8080-exec-7] c.e.library_management.util.AuditLogger  : [Updated @{}, ID #{}] chloe_l
2026-07-28T11:32:30.132+07:00  INFO 71872 --- [library-management] [http-nio-8080-exec-9] c.e.library_management.util.AuditLogger  : [Updated @{}, ID #{}] chloe_l
2026-07-28T11:33:51.454+07:00  INFO 71872 --- [library-management] [http-nio-8080-exec-10] c.e.library_management.util.AuditLogger  : [Updated @{}, ID #{}] chloe_l
2026-07-28T11:33:51.458+07:00  INFO 71872 --- [library-management] [http-nio-8080-exec-4] c.e.library_management.util.AuditLogger  : [Updated @{}, ID #{}] chloe_l
2026-07-28T11:33:51.474+07:00 ERROR 71872 --- [library-management] [http-nio-8080-exec-1] c.e.l.exception.GlobalExceptionHandler   : Exception code 500: The given id must not be null
2026-07-28T11:33:51.474+07:00 ERROR 71872 --- [library-management] [http-nio-8080-exec-3] c.e.l.exception.GlobalExceptionHandler   : Exception code 500: The given id must not be null
2026-07-28T11:34:23.026+07:00  INFO 71872 --- [library-management] [SpringApplicationShutdownHook] o.s.boot.tomcat.GracefulShutdown         : Commencing graceful shutdown. Waiting for active requests to complete
2026-07-28T11:34:23.033+07:00  INFO 71872 --- [library-management] [tomcat-shutdown] o.s.boot.tomcat.GracefulShutdown         : Graceful shutdown complete
2026-07-28T11:34:23.038+07:00  INFO 71872 --- [library-management] [SpringApplicationShutdownHook] j.LocalContainerEntityManagerFactoryBean : Closing JPA EntityManagerFactory for persistence unit 'default'
2026-07-28T11:34:23.039+07:00  INFO 71872 --- [library-management] [SpringApplicationShutdownHook] com.zaxxer.hikari.HikariDataSource       : HikariPool-1 - Shutdown initiated...
2026-07-28T11:34:23.045+07:00  INFO 71872 --- [library-management] [SpringApplicationShutdownHook] com.zaxxer.hikari.HikariDataSource       : HikariPool-1 - Shutdown completed.
2026-07-28T11:34:26.780+07:00  INFO 64704 --- [library-management] [main] c.e.l.LibraryManagementApplication       : Starting LibraryManagementApplication using Java 23.0.2 with PID 64704 (C:\Users\baona\Desktop\School\25-26\Co-op 26\TT Viettel\Project\TT_Viettel_Software-Library_Management\be\target\classes started by baona in C:\Users\baona\Desktop\School\25-26\Co-op 26\TT Viettel\Project\TT_Viettel_Software-Library_Management\be)
2026-07-28T11:34:26.780+07:00  INFO 64704 --- [library-management] [main] c.e.l.LibraryManagementApplication       : No active profile set, falling back to 1 default profile: "default"
2026-07-28T11:34:27.453+07:00  INFO 64704 --- [library-management] [main] .s.d.r.c.RepositoryConfigurationDelegate : Bootstrapping Spring Data JPA repositories in DEFAULT mode.
2026-07-28T11:34:27.516+07:00  INFO 64704 --- [library-management] [main] .s.d.r.c.RepositoryConfigurationDelegate : Finished Spring Data repository scanning in 57 ms. Found 9 JPA repository interfaces.
2026-07-28T11:34:28.024+07:00  INFO 64704 --- [library-management] [main] o.s.boot.tomcat.TomcatWebServer          : Tomcat initialized with port 8080 (http)
2026-07-28T11:34:28.040+07:00  INFO 64704 --- [library-management] [main] o.apache.catalina.core.StandardService   : Starting service [Tomcat]
2026-07-28T11:34:28.040+07:00  INFO 64704 --- [library-management] [main] o.apache.catalina.core.StandardEngine    : Starting Servlet engine: [Apache Tomcat/11.0.21]
2026-07-28T11:34:28.089+07:00  INFO 64704 --- [library-management] [main] b.w.c.s.WebApplicationContextInitializer : Root WebApplicationContext: initialization completed in 1266 ms
2026-07-28T11:34:28.185+07:00  INFO 64704 --- [library-management] [main] org.hibernate.orm.jpa                    : HHH008540: Processing PersistenceUnitInfo [name: default]
2026-07-28T11:34:28.232+07:00  INFO 64704 --- [library-management] [main] org.hibernate.orm.core                   : HHH000001: Hibernate ORM core version 7.2.12.Final
2026-07-28T11:34:28.581+07:00  INFO 64704 --- [library-management] [main] o.s.o.j.p.SpringPersistenceUnitInfo      : No LoadTimeWeaver setup: ignoring JPA class transformer
2026-07-28T11:34:28.597+07:00  INFO 64704 --- [library-management] [main] com.zaxxer.hikari.HikariDataSource       : HikariPool-1 - Starting...
2026-07-28T11:34:28.916+07:00  INFO 64704 --- [library-management] [main] com.zaxxer.hikari.pool.HikariPool        : HikariPool-1 - Added connection com.mysql.cj.jdbc.ConnectionImpl@72bce309
2026-07-28T11:34:28.916+07:00  INFO 64704 --- [library-management] [main] com.zaxxer.hikari.HikariDataSource       : HikariPool-1 - Start completed.
2026-07-28T11:34:29.011+07:00  INFO 64704 --- [library-management] [main] org.hibernate.orm.connections.pooling    : HHH10001005: Database info:
	Database JDBC URL [jdbc:mysql://localhost:3306/library_db?zeroDateTimeBehavior=CONVERT_TO_NULL]
	Database driver: MySQL Connector/J
	Database dialect: MySQLDialect
	Database version: 8.0.39
	Default catalog/schema: library_db/undefined
	Autocommit mode: undefined/unknown
	Isolation level: REPEATABLE_READ [default REPEATABLE_READ]
	JDBC fetch size: none
	Pool: DataSourceConnectionProvider
	Minimum pool size: undefined/unknown
	Maximum pool size: undefined/unknown
2026-07-28T11:34:30.666+07:00  INFO 64704 --- [library-management] [main] org.hibernate.orm.core                   : HHH000489: No JTA platform available (set 'hibernate.transaction.jta.platform' to enable JTA platform integration)
2026-07-28T11:34:30.782+07:00  INFO 64704 --- [library-management] [main] j.LocalContainerEntityManagerFactoryBean : Initialized JPA EntityManagerFactory for persistence unit 'default'
2026-07-28T11:34:30.894+07:00  INFO 64704 --- [library-management] [main] o.s.d.j.r.query.QueryEnhancerFactories   : Hibernate is in classpath; If applicable, HQL parser will be used.
2026-07-28T11:34:31.448+07:00  INFO 64704 --- [library-management] [main] eAuthenticationProviderManagerConfigurer : Global AuthenticationManager configured with AuthenticationProvider bean with name authenticationProvider
2026-07-28T11:34:31.448+07:00  WARN 64704 --- [library-management] [main] r$InitializeUserDetailsManagerConfigurer : Global AuthenticationManager configured with an AuthenticationProvider bean. UserDetailsService beans will not be used by Spring Security for automatically configuring username/password login. Consider removing the AuthenticationProvider bean. Alternatively, consider using the UserDetailsService in a manually instantiated DaoAuthenticationProvider. If the current configuration is intentional, to turn off this warning, increase the logging level of 'org.springframework.security.config.annotation.authentication.configuration.InitializeUserDetailsBeanManagerConfigurer' to ERROR
2026-07-28T11:34:33.640+07:00  WARN 64704 --- [library-management] [main] JpaBaseConfiguration$JpaWebConfiguration : spring.jpa.open-in-view is enabled by default. Therefore, database queries may be performed during view rendering. Explicitly configure spring.jpa.open-in-view to disable this warning
2026-07-28T11:34:34.515+07:00  INFO 64704 --- [library-management] [main] o.s.boot.tomcat.TomcatWebServer          : Tomcat started on port 8080 (http) with context path '/api'
2026-07-28T11:34:34.529+07:00  INFO 64704 --- [library-management] [main] c.e.l.LibraryManagementApplication       : Started LibraryManagementApplication in 8.181 seconds (process running for 8.571)
2026-07-28T11:34:46.464+07:00  INFO 64704 --- [library-management] [http-nio-8080-exec-2] o.a.c.c.C.[Tomcat].[localhost].[/api]    : Initializing Spring DispatcherServlet 'dispatcherServlet'
2026-07-28T11:34:46.464+07:00  INFO 64704 --- [library-management] [http-nio-8080-exec-2] o.s.web.servlet.DispatcherServlet        : Initializing Servlet 'dispatcherServlet'
2026-07-28T11:34:46.466+07:00  INFO 64704 --- [library-management] [http-nio-8080-exec-2] o.s.web.servlet.DispatcherServlet        : Completed initialization in 1 ms
2026-07-28T11:34:47.127+07:00 ERROR 64704 --- [library-management] [http-nio-8080-exec-8] c.e.l.exception.GlobalExceptionHandler   : Exception code 500: The given id must not be null
2026-07-28T11:34:47.127+07:00 ERROR 64704 --- [library-management] [http-nio-8080-exec-7] c.e.l.exception.GlobalExceptionHandler   : Exception code 500: The given id must not be null
2026-07-28T11:34:47.140+07:00  INFO 64704 --- [library-management] [http-nio-8080-exec-5] c.e.library_management.util.AuditLogger  : [Updated @{}, ID #{}] chloe_l
2026-07-28T11:34:47.140+07:00  INFO 64704 --- [library-management] [http-nio-8080-exec-6] c.e.library_management.util.AuditLogger  : [Updated @{}, ID #{}] chloe_l
2026-07-28T11:35:32.865+07:00  INFO 64704 --- [library-management] [SpringApplicationShutdownHook] o.s.boot.tomcat.GracefulShutdown         : Commencing graceful shutdown. Waiting for active requests to complete
2026-07-28T11:35:32.872+07:00  INFO 64704 --- [library-management] [tomcat-shutdown] o.s.boot.tomcat.GracefulShutdown         : Graceful shutdown complete
2026-07-28T11:35:32.876+07:00  INFO 64704 --- [library-management] [SpringApplicationShutdownHook] j.LocalContainerEntityManagerFactoryBean : Closing JPA EntityManagerFactory for persistence unit 'default'
2026-07-28T11:35:32.878+07:00  INFO 64704 --- [library-management] [SpringApplicationShutdownHook] com.zaxxer.hikari.HikariDataSource       : HikariPool-1 - Shutdown initiated...
2026-07-28T11:35:32.884+07:00  INFO 64704 --- [library-management] [SpringApplicationShutdownHook] com.zaxxer.hikari.HikariDataSource       : HikariPool-1 - Shutdown completed.
2026-07-28T11:35:42.731+07:00  INFO 35476 --- [library-management] [main] c.e.l.LibraryManagementApplication       : Starting LibraryManagementApplication using Java 23.0.2 with PID 35476 (C:\Users\baona\Desktop\School\25-26\Co-op 26\TT Viettel\Project\TT_Viettel_Software-Library_Management\be\target\classes started by baona in C:\Users\baona\Desktop\School\25-26\Co-op 26\TT Viettel\Project\TT_Viettel_Software-Library_Management\be)
2026-07-28T11:35:42.734+07:00  INFO 35476 --- [library-management] [main] c.e.l.LibraryManagementApplication       : No active profile set, falling back to 1 default profile: "default"
2026-07-28T11:35:43.389+07:00  INFO 35476 --- [library-management] [main] .s.d.r.c.RepositoryConfigurationDelegate : Bootstrapping Spring Data JPA repositories in DEFAULT mode.
2026-07-28T11:35:43.452+07:00  INFO 35476 --- [library-management] [main] .s.d.r.c.RepositoryConfigurationDelegate : Finished Spring Data repository scanning in 57 ms. Found 9 JPA repository interfaces.
2026-07-28T11:35:43.940+07:00  INFO 35476 --- [library-management] [main] o.s.boot.tomcat.TomcatWebServer          : Tomcat initialized with port 8080 (http)
2026-07-28T11:35:43.950+07:00  INFO 35476 --- [library-management] [main] o.apache.catalina.core.StandardService   : Starting service [Tomcat]
2026-07-28T11:35:43.950+07:00  INFO 35476 --- [library-management] [main] o.apache.catalina.core.StandardEngine    : Starting Servlet engine: [Apache Tomcat/11.0.21]
2026-07-28T11:35:43.986+07:00  INFO 35476 --- [library-management] [main] b.w.c.s.WebApplicationContextInitializer : Root WebApplicationContext: initialization completed in 1197 ms
2026-07-28T11:35:44.089+07:00  INFO 35476 --- [library-management] [main] org.hibernate.orm.jpa                    : HHH008540: Processing PersistenceUnitInfo [name: default]
2026-07-28T11:35:44.123+07:00  INFO 35476 --- [library-management] [main] org.hibernate.orm.core                   : HHH000001: Hibernate ORM core version 7.2.12.Final
2026-07-28T11:35:44.433+07:00  INFO 35476 --- [library-management] [main] o.s.o.j.p.SpringPersistenceUnitInfo      : No LoadTimeWeaver setup: ignoring JPA class transformer
2026-07-28T11:35:44.454+07:00  INFO 35476 --- [library-management] [main] com.zaxxer.hikari.HikariDataSource       : HikariPool-1 - Starting...
2026-07-28T11:35:44.707+07:00  INFO 35476 --- [library-management] [main] com.zaxxer.hikari.pool.HikariPool        : HikariPool-1 - Added connection com.mysql.cj.jdbc.ConnectionImpl@220be130
2026-07-28T11:35:44.708+07:00  INFO 35476 --- [library-management] [main] com.zaxxer.hikari.HikariDataSource       : HikariPool-1 - Start completed.
2026-07-28T11:35:44.766+07:00  INFO 35476 --- [library-management] [main] org.hibernate.orm.connections.pooling    : HHH10001005: Database info:
	Database JDBC URL [jdbc:mysql://localhost:3306/library_db?zeroDateTimeBehavior=CONVERT_TO_NULL]
	Database driver: MySQL Connector/J
	Database dialect: MySQLDialect
	Database version: 8.0.39
	Default catalog/schema: library_db/undefined
	Autocommit mode: undefined/unknown
	Isolation level: REPEATABLE_READ [default REPEATABLE_READ]
	JDBC fetch size: none
	Pool: DataSourceConnectionProvider
	Minimum pool size: undefined/unknown
	Maximum pool size: undefined/unknown
2026-07-28T11:35:45.589+07:00  INFO 35476 --- [library-management] [main] org.hibernate.orm.core                   : HHH000489: No JTA platform available (set 'hibernate.transaction.jta.platform' to enable JTA platform integration)
2026-07-28T11:35:45.653+07:00  INFO 35476 --- [library-management] [main] j.LocalContainerEntityManagerFactoryBean : Initialized JPA EntityManagerFactory for persistence unit 'default'
2026-07-28T11:35:45.701+07:00  INFO 35476 --- [library-management] [main] o.s.d.j.r.query.QueryEnhancerFactories   : Hibernate is in classpath; If applicable, HQL parser will be used.
2026-07-28T11:35:45.984+07:00  INFO 35476 --- [library-management] [main] eAuthenticationProviderManagerConfigurer : Global AuthenticationManager configured with AuthenticationProvider bean with name authenticationProvider
2026-07-28T11:35:45.984+07:00  WARN 35476 --- [library-management] [main] r$InitializeUserDetailsManagerConfigurer : Global AuthenticationManager configured with an AuthenticationProvider bean. UserDetailsService beans will not be used by Spring Security for automatically configuring username/password login. Consider removing the AuthenticationProvider bean. Alternatively, consider using the UserDetailsService in a manually instantiated DaoAuthenticationProvider. If the current configuration is intentional, to turn off this warning, increase the logging level of 'org.springframework.security.config.annotation.authentication.configuration.InitializeUserDetailsBeanManagerConfigurer' to ERROR
2026-07-28T11:35:47.045+07:00  WARN 35476 --- [library-management] [main] JpaBaseConfiguration$JpaWebConfiguration : spring.jpa.open-in-view is enabled by default. Therefore, database queries may be performed during view rendering. Explicitly configure spring.jpa.open-in-view to disable this warning
2026-07-28T11:35:47.531+07:00  INFO 35476 --- [library-management] [main] o.s.boot.tomcat.TomcatWebServer          : Tomcat started on port 8080 (http) with context path '/api'
2026-07-28T11:35:47.539+07:00  INFO 35476 --- [library-management] [main] c.e.l.LibraryManagementApplication       : Started LibraryManagementApplication in 5.208 seconds (process running for 5.654)
2026-07-28T11:35:51.251+07:00  INFO 35476 --- [library-management] [http-nio-8080-exec-1] o.a.c.c.C.[Tomcat].[localhost].[/api]    : Initializing Spring DispatcherServlet 'dispatcherServlet'
2026-07-28T11:35:51.251+07:00  INFO 35476 --- [library-management] [http-nio-8080-exec-1] o.s.web.servlet.DispatcherServlet        : Initializing Servlet 'dispatcherServlet'
2026-07-28T11:35:51.253+07:00  INFO 35476 --- [library-management] [http-nio-8080-exec-1] o.s.web.servlet.DispatcherServlet        : Completed initialization in 2 ms
2026-07-28T11:35:51.868+07:00 ERROR 35476 --- [library-management] [http-nio-8080-exec-7] c.e.l.exception.GlobalExceptionHandler   : Exception code 500: The given id must not be null
2026-07-28T11:35:51.868+07:00 ERROR 35476 --- [library-management] [http-nio-8080-exec-5] c.e.l.exception.GlobalExceptionHandler   : Exception code 500: The given id must not be null
2026-07-28T11:35:51.889+07:00  INFO 35476 --- [library-management] [http-nio-8080-exec-6] c.e.library_management.util.AuditLogger  : [Updated @{}, ID #{}] chloe_l
2026-07-28T11:35:51.889+07:00  INFO 35476 --- [library-management] [http-nio-8080-exec-8] c.e.library_management.util.AuditLogger  : [Updated @{}, ID #{}] chloe_l
2026-07-28T11:36:41.470+07:00  INFO 35476 --- [library-management] [SpringApplicationShutdownHook] o.s.boot.tomcat.GracefulShutdown         : Commencing graceful shutdown. Waiting for active requests to complete
2026-07-28T11:36:41.477+07:00  INFO 35476 --- [library-management] [tomcat-shutdown] o.s.boot.tomcat.GracefulShutdown         : Graceful shutdown complete
2026-07-28T11:36:41.481+07:00  INFO 35476 --- [library-management] [SpringApplicationShutdownHook] j.LocalContainerEntityManagerFactoryBean : Closing JPA EntityManagerFactory for persistence unit 'default'
2026-07-28T11:36:41.483+07:00  INFO 35476 --- [library-management] [SpringApplicationShutdownHook] com.zaxxer.hikari.HikariDataSource       : HikariPool-1 - Shutdown initiated...
2026-07-28T11:36:41.488+07:00  INFO 35476 --- [library-management] [SpringApplicationShutdownHook] com.zaxxer.hikari.HikariDataSource       : HikariPool-1 - Shutdown completed.
2026-07-28T11:37:08.410+07:00  INFO 88700 --- [library-management] [main] c.e.l.LibraryManagementApplication       : Starting LibraryManagementApplication using Java 23.0.2 with PID 88700 (C:\Users\baona\Desktop\School\25-26\Co-op 26\TT Viettel\Project\TT_Viettel_Software-Library_Management\be\target\classes started by baona in C:\Users\baona\Desktop\School\25-26\Co-op 26\TT Viettel\Project\TT_Viettel_Software-Library_Management\be)
2026-07-28T11:37:08.412+07:00  INFO 88700 --- [library-management] [main] c.e.l.LibraryManagementApplication       : No active profile set, falling back to 1 default profile: "default"
2026-07-28T11:37:09.081+07:00  INFO 88700 --- [library-management] [main] .s.d.r.c.RepositoryConfigurationDelegate : Bootstrapping Spring Data JPA repositories in DEFAULT mode.
2026-07-28T11:37:09.145+07:00  INFO 88700 --- [library-management] [main] .s.d.r.c.RepositoryConfigurationDelegate : Finished Spring Data repository scanning in 58 ms. Found 9 JPA repository interfaces.
2026-07-28T11:37:09.641+07:00  INFO 88700 --- [library-management] [main] o.s.boot.tomcat.TomcatWebServer          : Tomcat initialized with port 8080 (http)
2026-07-28T11:37:09.651+07:00  INFO 88700 --- [library-management] [main] o.apache.catalina.core.StandardService   : Starting service [Tomcat]
2026-07-28T11:37:09.651+07:00  INFO 88700 --- [library-management] [main] o.apache.catalina.core.StandardEngine    : Starting Servlet engine: [Apache Tomcat/11.0.21]
2026-07-28T11:37:09.690+07:00  INFO 88700 --- [library-management] [main] b.w.c.s.WebApplicationContextInitializer : Root WebApplicationContext: initialization completed in 1213 ms
2026-07-28T11:37:09.792+07:00  INFO 88700 --- [library-management] [main] org.hibernate.orm.jpa                    : HHH008540: Processing PersistenceUnitInfo [name: default]
2026-07-28T11:37:09.827+07:00  INFO 88700 --- [library-management] [main] org.hibernate.orm.core                   : HHH000001: Hibernate ORM core version 7.2.12.Final
2026-07-28T11:37:10.140+07:00  INFO 88700 --- [library-management] [main] o.s.o.j.p.SpringPersistenceUnitInfo      : No LoadTimeWeaver setup: ignoring JPA class transformer
2026-07-28T11:37:10.162+07:00  INFO 88700 --- [library-management] [main] com.zaxxer.hikari.HikariDataSource       : HikariPool-1 - Starting...
2026-07-28T11:37:10.418+07:00  INFO 88700 --- [library-management] [main] com.zaxxer.hikari.pool.HikariPool        : HikariPool-1 - Added connection com.mysql.cj.jdbc.ConnectionImpl@42db955e
2026-07-28T11:37:10.418+07:00  INFO 88700 --- [library-management] [main] com.zaxxer.hikari.HikariDataSource       : HikariPool-1 - Start completed.
2026-07-28T11:37:10.475+07:00  INFO 88700 --- [library-management] [main] org.hibernate.orm.connections.pooling    : HHH10001005: Database info:
	Database JDBC URL [jdbc:mysql://localhost:3306/library_db?zeroDateTimeBehavior=CONVERT_TO_NULL]
	Database driver: MySQL Connector/J
	Database dialect: MySQLDialect
	Database version: 8.0.39
	Default catalog/schema: library_db/undefined
	Autocommit mode: undefined/unknown
	Isolation level: REPEATABLE_READ [default REPEATABLE_READ]
	JDBC fetch size: none
	Pool: DataSourceConnectionProvider
	Minimum pool size: undefined/unknown
	Maximum pool size: undefined/unknown
2026-07-28T11:37:11.331+07:00  INFO 88700 --- [library-management] [main] org.hibernate.orm.core                   : HHH000489: No JTA platform available (set 'hibernate.transaction.jta.platform' to enable JTA platform integration)
2026-07-28T11:37:11.394+07:00  INFO 88700 --- [library-management] [main] j.LocalContainerEntityManagerFactoryBean : Initialized JPA EntityManagerFactory for persistence unit 'default'
2026-07-28T11:37:11.444+07:00  INFO 88700 --- [library-management] [main] o.s.d.j.r.query.QueryEnhancerFactories   : Hibernate is in classpath; If applicable, HQL parser will be used.
2026-07-28T11:37:11.757+07:00  INFO 88700 --- [library-management] [main] eAuthenticationProviderManagerConfigurer : Global AuthenticationManager configured with AuthenticationProvider bean with name authenticationProvider
2026-07-28T11:37:11.758+07:00  WARN 88700 --- [library-management] [main] r$InitializeUserDetailsManagerConfigurer : Global AuthenticationManager configured with an AuthenticationProvider bean. UserDetailsService beans will not be used by Spring Security for automatically configuring username/password login. Consider removing the AuthenticationProvider bean. Alternatively, consider using the UserDetailsService in a manually instantiated DaoAuthenticationProvider. If the current configuration is intentional, to turn off this warning, increase the logging level of 'org.springframework.security.config.annotation.authentication.configuration.InitializeUserDetailsBeanManagerConfigurer' to ERROR
2026-07-28T11:37:12.909+07:00  WARN 88700 --- [library-management] [main] JpaBaseConfiguration$JpaWebConfiguration : spring.jpa.open-in-view is enabled by default. Therefore, database queries may be performed during view rendering. Explicitly configure spring.jpa.open-in-view to disable this warning
2026-07-28T11:37:13.403+07:00  INFO 88700 --- [library-management] [main] o.s.boot.tomcat.TomcatWebServer          : Tomcat started on port 8080 (http) with context path '/api'
2026-07-28T11:37:13.411+07:00  INFO 88700 --- [library-management] [main] c.e.l.LibraryManagementApplication       : Started LibraryManagementApplication in 5.429 seconds (process running for 5.836)
2026-07-28T11:37:20.714+07:00  INFO 88700 --- [library-management] [http-nio-8080-exec-1] o.a.c.c.C.[Tomcat].[localhost].[/api]    : Initializing Spring DispatcherServlet 'dispatcherServlet'
2026-07-28T11:37:20.715+07:00  INFO 88700 --- [library-management] [http-nio-8080-exec-1] o.s.web.servlet.DispatcherServlet        : Initializing Servlet 'dispatcherServlet'
2026-07-28T11:37:20.717+07:00  INFO 88700 --- [library-management] [http-nio-8080-exec-1] o.s.web.servlet.DispatcherServlet        : Completed initialization in 1 ms
2026-07-28T11:37:21.490+07:00  WARN 88700 --- [library-management] [http-nio-8080-exec-6] ration$PageModule$WarningLoggingModifier : Serializing PageImpl instances as-is is not supported, meaning that there is no guarantee about the stability of the resulting JSON structure!
	For a stable JSON structure, please use Spring Data's PagedModel (globally via @EnableSpringDataWebSupport(pageSerializationMode = VIA_DTO))
	or Spring HATEOAS and Spring Data's PagedResourcesAssembler as documented in https://docs.spring.io/spring-data/commons/reference/repositories/core-extensions.html#core.web.pageables.

2026-07-28T11:37:30.159+07:00 ERROR 88700 --- [library-management] [http-nio-8080-exec-1] c.e.l.exception.GlobalExceptionHandler   : Exception code 500: JSON parse error: Cannot deserialize value of type `java.lang.Long` from Object value (token `JsonToken.START_OBJECT`)
2026-07-28T11:37:30.159+07:00 ERROR 88700 --- [library-management] [http-nio-8080-exec-10] c.e.l.exception.GlobalExceptionHandler   : Exception code 500: JSON parse error: Cannot deserialize value of type `java.lang.Long` from Object value (token `JsonToken.START_OBJECT`)
2026-07-28T11:37:30.284+07:00  INFO 88700 --- [library-management] [http-nio-8080-exec-4] c.e.library_management.util.AuditLogger  : [Updated role for @{}, ID #{} to {}] chloe_l
2026-07-28T11:37:30.285+07:00  INFO 88700 --- [library-management] [http-nio-8080-exec-8] c.e.library_management.util.AuditLogger  : [Updated role for @{}, ID #{} to {}] chloe_l
2026-07-28T11:41:24.653+07:00 ERROR 88700 --- [library-management] [http-nio-8080-exec-8] c.e.l.exception.GlobalExceptionHandler   : Exception code 500: JSON parse error: Cannot deserialize value of type `java.lang.Long` from Object value (token `JsonToken.START_OBJECT`)
2026-07-28T11:41:24.655+07:00 ERROR 88700 --- [library-management] [http-nio-8080-exec-6] c.e.l.exception.GlobalExceptionHandler   : Exception code 500: JSON parse error: Cannot deserialize value of type `java.lang.Long` from Object value (token `JsonToken.START_OBJECT`)
2026-07-28T11:41:24.674+07:00  INFO 88700 --- [library-management] [http-nio-8080-exec-4] c.e.library_management.util.AuditLogger  : [Updated role for @{}, ID #{} to {}] marcus_v
2026-07-28T11:41:24.674+07:00  INFO 88700 --- [library-management] [http-nio-8080-exec-9] c.e.library_management.util.AuditLogger  : [Updated role for @{}, ID #{} to {}] marcus_v
2026-07-28T11:41:25.419+07:00 ERROR 88700 --- [library-management] [http-nio-8080-exec-7] c.e.l.exception.GlobalExceptionHandler   : Exception code 500: JSON parse error: Cannot deserialize value of type `java.lang.Long` from Object value (token `JsonToken.START_OBJECT`)
2026-07-28T11:41:25.420+07:00 ERROR 88700 --- [library-management] [http-nio-8080-exec-1] c.e.l.exception.GlobalExceptionHandler   : Exception code 500: JSON parse error: Cannot deserialize value of type `java.lang.Long` from Object value (token `JsonToken.START_OBJECT`)
2026-07-28T11:41:25.429+07:00  INFO 88700 --- [library-management] [http-nio-8080-exec-2] c.e.library_management.util.AuditLogger  : [Updated role for @{}, ID #{} to {}] marcus_v
2026-07-28T11:41:25.429+07:00  INFO 88700 --- [library-management] [http-nio-8080-exec-10] c.e.library_management.util.AuditLogger  : [Updated role for @{}, ID #{} to {}] marcus_v
2026-07-28T11:41:25.675+07:00 ERROR 88700 --- [library-management] [http-nio-8080-exec-5] c.e.l.exception.GlobalExceptionHandler   : Exception code 500: JSON parse error: Cannot deserialize value of type `java.lang.Long` from Object value (token `JsonToken.START_OBJECT`)
2026-07-28T11:41:25.679+07:00 ERROR 88700 --- [library-management] [http-nio-8080-exec-8] c.e.l.exception.GlobalExceptionHandler   : Exception code 500: JSON parse error: Cannot deserialize value of type `java.lang.Long` from Object value (token `JsonToken.START_OBJECT`)
2026-07-28T11:41:25.688+07:00  INFO 88700 --- [library-management] [http-nio-8080-exec-3] c.e.library_management.util.AuditLogger  : [Updated role for @{}, ID #{} to {}] marcus_v
2026-07-28T11:41:25.690+07:00  INFO 88700 --- [library-management] [http-nio-8080-exec-6] c.e.library_management.util.AuditLogger  : [Updated role for @{}, ID #{} to {}] marcus_v
2026-07-28T11:41:25.925+07:00 ERROR 88700 --- [library-management] [http-nio-8080-exec-4] c.e.l.exception.GlobalExceptionHandler   : Exception code 500: JSON parse error: Cannot deserialize value of type `java.lang.Long` from Object value (token `JsonToken.START_OBJECT`)
2026-07-28T11:41:25.925+07:00 ERROR 88700 --- [library-management] [http-nio-8080-exec-1] c.e.l.exception.GlobalExceptionHandler   : Exception code 500: JSON parse error: Cannot deserialize value of type `java.lang.Long` from Object value (token `JsonToken.START_OBJECT`)
2026-07-28T11:41:25.937+07:00  INFO 88700 --- [library-management] [http-nio-8080-exec-7] c.e.library_management.util.AuditLogger  : [Updated role for @{}, ID #{} to {}] marcus_v
2026-07-28T11:41:25.937+07:00  INFO 88700 --- [library-management] [http-nio-8080-exec-9] c.e.library_management.util.AuditLogger  : [Updated role for @{}, ID #{} to {}] marcus_v
2026-07-28T11:41:26.539+07:00 ERROR 88700 --- [library-management] [http-nio-8080-exec-2] c.e.l.exception.GlobalExceptionHandler   : Exception code 500: JSON parse error: Cannot deserialize value of type `java.lang.Long` from Object value (token `JsonToken.START_OBJECT`)
2026-07-28T11:41:26.542+07:00 ERROR 88700 --- [library-management] [http-nio-8080-exec-5] c.e.l.exception.GlobalExceptionHandler   : Exception code 500: JSON parse error: Cannot deserialize value of type `java.lang.Long` from Object value (token `JsonToken.START_OBJECT`)
2026-07-28T11:41:26.550+07:00  INFO 88700 --- [library-management] [http-nio-8080-exec-8] c.e.library_management.util.AuditLogger  : [Updated role for @{}, ID #{} to {}] marcus_v
2026-07-28T11:41:26.550+07:00  INFO 88700 --- [library-management] [http-nio-8080-exec-10] c.e.library_management.util.AuditLogger  : [Updated role for @{}, ID #{} to {}] marcus_v
2026-07-28T11:45:01.502+07:00 ERROR 88700 --- [library-management] [http-nio-8080-exec-10] c.e.l.exception.GlobalExceptionHandler   : Exception code 500: JSON parse error: Cannot deserialize value of type `java.lang.Long` from Object value (token `JsonToken.START_OBJECT`)
2026-07-28T11:45:01.502+07:00 ERROR 88700 --- [library-management] [http-nio-8080-exec-2] c.e.l.exception.GlobalExceptionHandler   : Exception code 500: JSON parse error: Cannot deserialize value of type `java.lang.Long` from Object value (token `JsonToken.START_OBJECT`)
2026-07-28T11:45:01.523+07:00  INFO 88700 --- [library-management] [http-nio-8080-exec-5] c.e.library_management.util.AuditLogger  : [Updated role for @{}, ID #{} to {}] marcus_v
2026-07-28T11:45:01.524+07:00  INFO 88700 --- [library-management] [http-nio-8080-exec-8] c.e.library_management.util.AuditLogger  : [Updated role for @{}, ID #{} to {}] marcus_v
2026-07-28T11:45:02.226+07:00 ERROR 88700 --- [library-management] [http-nio-8080-exec-6] c.e.l.exception.GlobalExceptionHandler   : Exception code 500: JSON parse error: Cannot deserialize value of type `java.lang.Long` from Object value (token `JsonToken.START_OBJECT`)
2026-07-28T11:45:02.227+07:00 ERROR 88700 --- [library-management] [http-nio-8080-exec-4] c.e.l.exception.GlobalExceptionHandler   : Exception code 500: JSON parse error: Cannot deserialize value of type `java.lang.Long` from Object value (token `JsonToken.START_OBJECT`)
2026-07-28T11:45:02.237+07:00  INFO 88700 --- [library-management] [http-nio-8080-exec-3] c.e.library_management.util.AuditLogger  : [Updated role for @{}, ID #{} to {}] marcus_v
2026-07-28T11:45:02.239+07:00  INFO 88700 --- [library-management] [http-nio-8080-exec-1] c.e.library_management.util.AuditLogger  : [Updated role for @{}, ID #{} to {}] marcus_v
2026-07-28T11:45:02.441+07:00 ERROR 88700 --- [library-management] [http-nio-8080-exec-9] c.e.l.exception.GlobalExceptionHandler   : Exception code 500: JSON parse error: Cannot deserialize value of type `java.lang.Long` from Object value (token `JsonToken.START_OBJECT`)
2026-07-28T11:45:02.441+07:00 ERROR 88700 --- [library-management] [http-nio-8080-exec-2] c.e.l.exception.GlobalExceptionHandler   : Exception code 500: JSON parse error: Cannot deserialize value of type `java.lang.Long` from Object value (token `JsonToken.START_OBJECT`)
2026-07-28T11:45:02.453+07:00  INFO 88700 --- [library-management] [http-nio-8080-exec-7] c.e.library_management.util.AuditLogger  : [Updated role for @{}, ID #{} to {}] marcus_v
2026-07-28T11:45:02.453+07:00  INFO 88700 --- [library-management] [http-nio-8080-exec-10] c.e.library_management.util.AuditLogger  : [Updated role for @{}, ID #{} to {}] marcus_v
2026-07-28T11:45:02.671+07:00 ERROR 88700 --- [library-management] [http-nio-8080-exec-5] c.e.l.exception.GlobalExceptionHandler   : Exception code 500: JSON parse error: Cannot deserialize value of type `java.lang.Long` from Object value (token `JsonToken.START_OBJECT`)
2026-07-28T11:45:02.674+07:00 ERROR 88700 --- [library-management] [http-nio-8080-exec-6] c.e.l.exception.GlobalExceptionHandler   : Exception code 500: JSON parse error: Cannot deserialize value of type `java.lang.Long` from Object value (token `JsonToken.START_OBJECT`)
2026-07-28T11:45:02.684+07:00  INFO 88700 --- [library-management] [http-nio-8080-exec-8] c.e.library_management.util.AuditLogger  : [Updated role for @{}, ID #{} to {}] marcus_v
2026-07-28T11:45:02.686+07:00  INFO 88700 --- [library-management] [http-nio-8080-exec-4] c.e.library_management.util.AuditLogger  : [Updated role for @{}, ID #{} to {}] marcus_v
2026-07-28T11:45:11.979+07:00 ERROR 88700 --- [library-management] [http-nio-8080-exec-1] c.e.l.exception.GlobalExceptionHandler   : Exception code 500: JSON parse error: Cannot deserialize value of type `java.lang.Long` from Object value (token `JsonToken.START_OBJECT`)
2026-07-28T11:45:11.979+07:00 ERROR 88700 --- [library-management] [http-nio-8080-exec-5] c.e.l.exception.GlobalExceptionHandler   : Exception code 500: JSON parse error: Cannot deserialize value of type `java.lang.Long` from Object value (token `JsonToken.START_OBJECT`)
2026-07-28T11:45:12.004+07:00  INFO 88700 --- [library-management] [http-nio-8080-exec-3] c.e.library_management.util.AuditLogger  : [Updated role for @{}, ID #{} to {}] marcus_v
2026-07-28T11:45:12.004+07:00  INFO 88700 --- [library-management] [http-nio-8080-exec-4] c.e.library_management.util.AuditLogger  : [Updated role for @{}, ID #{} to {}] marcus_v
2026-07-28T11:45:12.210+07:00 ERROR 88700 --- [library-management] [http-nio-8080-exec-7] c.e.l.exception.GlobalExceptionHandler   : Exception code 500: JSON parse error: Cannot deserialize value of type `java.lang.Long` from Object value (token `JsonToken.START_OBJECT`)
2026-07-28T11:45:12.214+07:00 ERROR 88700 --- [library-management] [http-nio-8080-exec-9] c.e.l.exception.GlobalExceptionHandler   : Exception code 500: JSON parse error: Cannot deserialize value of type `java.lang.Long` from Object value (token `JsonToken.START_OBJECT`)
2026-07-28T11:45:12.221+07:00  INFO 88700 --- [library-management] [http-nio-8080-exec-6] c.e.library_management.util.AuditLogger  : [Updated role for @{}, ID #{} to {}] marcus_v
2026-07-28T11:45:12.221+07:00  INFO 88700 --- [library-management] [http-nio-8080-exec-2] c.e.library_management.util.AuditLogger  : [Updated role for @{}, ID #{} to {}] marcus_v
2026-07-28T11:45:12.424+07:00 ERROR 88700 --- [library-management] [http-nio-8080-exec-10] c.e.l.exception.GlobalExceptionHandler   : Exception code 500: JSON parse error: Cannot deserialize value of type `java.lang.Long` from Object value (token `JsonToken.START_OBJECT`)
2026-07-28T11:45:12.424+07:00 ERROR 88700 --- [library-management] [http-nio-8080-exec-5] c.e.l.exception.GlobalExceptionHandler   : Exception code 500: JSON parse error: Cannot deserialize value of type `java.lang.Long` from Object value (token `JsonToken.START_OBJECT`)
2026-07-28T11:45:12.435+07:00  INFO 88700 --- [library-management] [http-nio-8080-exec-1] c.e.library_management.util.AuditLogger  : [Updated role for @{}, ID #{} to {}] marcus_v
2026-07-28T11:45:12.435+07:00  INFO 88700 --- [library-management] [http-nio-8080-exec-8] c.e.library_management.util.AuditLogger  : [Updated role for @{}, ID #{} to {}] marcus_v
2026-07-28T11:45:12.658+07:00 ERROR 88700 --- [library-management] [http-nio-8080-exec-4] c.e.l.exception.GlobalExceptionHandler   : Exception code 500: JSON parse error: Cannot deserialize value of type `java.lang.Long` from Object value (token `JsonToken.START_OBJECT`)
2026-07-28T11:45:12.658+07:00 ERROR 88700 --- [library-management] [http-nio-8080-exec-7] c.e.l.exception.GlobalExceptionHandler   : Exception code 500: JSON parse error: Cannot deserialize value of type `java.lang.Long` from Object value (token `JsonToken.START_OBJECT`)
2026-07-28T11:45:12.668+07:00  INFO 88700 --- [library-management] [http-nio-8080-exec-9] c.e.library_management.util.AuditLogger  : [Updated role for @{}, ID #{} to {}] marcus_v
2026-07-28T11:45:12.669+07:00  INFO 88700 --- [library-management] [http-nio-8080-exec-3] c.e.library_management.util.AuditLogger  : [Updated role for @{}, ID #{} to {}] marcus_v
2026-07-28T11:48:45.517+07:00 ERROR 88700 --- [library-management] [http-nio-8080-exec-2] c.e.l.exception.GlobalExceptionHandler   : Exception code 500: JSON parse error: Cannot deserialize value of type `java.lang.Long` from Object value (token `JsonToken.START_OBJECT`)
2026-07-28T11:48:45.519+07:00 ERROR 88700 --- [library-management] [http-nio-8080-exec-5] c.e.l.exception.GlobalExceptionHandler   : Exception code 500: JSON parse error: Cannot deserialize value of type `java.lang.Long` from Object value (token `JsonToken.START_OBJECT`)
2026-07-28T11:48:45.541+07:00  INFO 88700 --- [library-management] [http-nio-8080-exec-6] c.e.library_management.util.AuditLogger  : [Updated role for @{}, ID #{} to {}] marcus_v
2026-07-28T11:48:45.541+07:00  INFO 88700 --- [library-management] [http-nio-8080-exec-3] c.e.library_management.util.AuditLogger  : [Updated role for @{}, ID #{} to {}] marcus_v
2026-07-28T11:49:28.225+07:00 ERROR 88700 --- [library-management] [http-nio-8080-exec-6] c.e.l.exception.GlobalExceptionHandler   : Exception code 500: JSON parse error: Cannot deserialize value of type `java.lang.Long` from Object value (token `JsonToken.START_OBJECT`)
2026-07-28T11:49:28.225+07:00 ERROR 88700 --- [library-management] [http-nio-8080-exec-1] c.e.l.exception.GlobalExceptionHandler   : Exception code 500: JSON parse error: Cannot deserialize value of type `java.lang.Long` from Object value (token `JsonToken.START_OBJECT`)
2026-07-28T11:49:28.247+07:00  INFO 88700 --- [library-management] [http-nio-8080-exec-7] c.e.library_management.util.AuditLogger  : [Updated role for @{}, ID #{} to {}] marcus_v
2026-07-28T11:49:28.247+07:00  INFO 88700 --- [library-management] [http-nio-8080-exec-3] c.e.library_management.util.AuditLogger  : [Updated role for @{}, ID #{} to {}] marcus_v
2026-07-28T11:49:33.720+07:00 ERROR 88700 --- [library-management] [http-nio-8080-exec-5] c.e.l.exception.GlobalExceptionHandler   : Exception code 500: JSON parse error: Cannot deserialize value of type `java.lang.Long` from Object value (token `JsonToken.START_OBJECT`)
2026-07-28T11:49:33.720+07:00 ERROR 88700 --- [library-management] [http-nio-8080-exec-2] c.e.l.exception.GlobalExceptionHandler   : Exception code 500: JSON parse error: Cannot deserialize value of type `java.lang.Long` from Object value (token `JsonToken.START_OBJECT`)
2026-07-28T11:49:33.724+07:00  INFO 88700 --- [library-management] [http-nio-8080-exec-1] c.e.library_management.util.AuditLogger  : [Updated role for @{}, ID #{} to {}] marcus_v
2026-07-28T11:49:33.724+07:00  INFO 88700 --- [library-management] [http-nio-8080-exec-6] c.e.library_management.util.AuditLogger  : [Updated role for @{}, ID #{} to {}] marcus_v
2026-07-28T11:49:40.172+07:00 ERROR 88700 --- [library-management] [http-nio-8080-exec-7] c.e.l.exception.GlobalExceptionHandler   : Exception code 500: JSON parse error: Cannot deserialize value of type `java.lang.Long` from Object value (token `JsonToken.START_OBJECT`)
2026-07-28T11:49:40.173+07:00 ERROR 88700 --- [library-management] [http-nio-8080-exec-1] c.e.l.exception.GlobalExceptionHandler   : Exception code 500: JSON parse error: Cannot deserialize value of type `java.lang.Long` from Object value (token `JsonToken.START_OBJECT`)
2026-07-28T11:49:40.193+07:00  INFO 88700 --- [library-management] [http-nio-8080-exec-3] c.e.library_management.util.AuditLogger  : [Updated role for @{}, ID #{} to {}] marcus_v
2026-07-28T11:49:40.193+07:00  INFO 88700 --- [library-management] [http-nio-8080-exec-6] c.e.library_management.util.AuditLogger  : [Updated role for @{}, ID #{} to {}] marcus_v
2026-07-28T11:50:31.350+07:00 ERROR 88700 --- [library-management] [http-nio-8080-exec-10] c.e.l.exception.GlobalExceptionHandler   : Exception code 500: JSON parse error: Cannot deserialize value of type `java.lang.Long` from Object value (token `JsonToken.START_OBJECT`)
2026-07-28T11:50:31.351+07:00 ERROR 88700 --- [library-management] [http-nio-8080-exec-5] c.e.l.exception.GlobalExceptionHandler   : Exception code 500: JSON parse error: Cannot deserialize value of type `java.lang.Long` from Object value (token `JsonToken.START_OBJECT`)
2026-07-28T11:50:31.373+07:00  INFO 88700 --- [library-management] [http-nio-8080-exec-2] c.e.library_management.util.AuditLogger  : [Updated role for @{}, ID #{} to {}] marcus_v
2026-07-28T11:50:31.373+07:00  INFO 88700 --- [library-management] [http-nio-8080-exec-8] c.e.library_management.util.AuditLogger  : [Updated role for @{}, ID #{} to {}] marcus_v
2026-07-28T11:51:31.757+07:00 ERROR 88700 --- [library-management] [http-nio-8080-exec-1] c.e.l.exception.GlobalExceptionHandler   : Exception code 500: JSON parse error: Cannot deserialize value of type `java.lang.Long` from Object value (token `JsonToken.START_OBJECT`)
2026-07-28T11:51:31.758+07:00 ERROR 88700 --- [library-management] [http-nio-8080-exec-3] c.e.l.exception.GlobalExceptionHandler   : Exception code 500: JSON parse error: Cannot deserialize value of type `java.lang.Long` from Object value (token `JsonToken.START_OBJECT`)
2026-07-28T11:51:31.775+07:00  INFO 88700 --- [library-management] [http-nio-8080-exec-6] c.e.library_management.util.AuditLogger  : [Updated role for @{}, ID #{} to {}] marcus_v
2026-07-28T11:51:31.775+07:00  INFO 88700 --- [library-management] [http-nio-8080-exec-7] c.e.library_management.util.AuditLogger  : [Updated role for @{}, ID #{} to {}] marcus_v
2026-07-28T11:52:00.670+07:00 ERROR 88700 --- [library-management] [http-nio-8080-exec-7] c.e.l.exception.GlobalExceptionHandler   : Exception code 500: JSON parse error: Cannot deserialize value of type `java.lang.Long` from Object value (token `JsonToken.START_OBJECT`)
2026-07-28T11:52:00.672+07:00 ERROR 88700 --- [library-management] [http-nio-8080-exec-3] c.e.l.exception.GlobalExceptionHandler   : Exception code 500: JSON parse error: Cannot deserialize value of type `java.lang.Long` from Object value (token `JsonToken.START_OBJECT`)
2026-07-28T11:52:00.678+07:00  INFO 88700 --- [library-management] [http-nio-8080-exec-6] c.e.library_management.util.AuditLogger  : [Updated role for @{}, ID #{} to {}] marcus_v
2026-07-28T11:52:00.680+07:00  INFO 88700 --- [library-management] [http-nio-8080-exec-1] c.e.library_management.util.AuditLogger  : [Updated role for @{}, ID #{} to {}] marcus_v
2026-07-28T11:52:16.464+07:00 ERROR 88700 --- [library-management] [http-nio-8080-exec-6] c.e.l.exception.GlobalExceptionHandler   : Exception code 500: JSON parse error: Cannot deserialize value of type `java.lang.Long` from Object value (token `JsonToken.START_OBJECT`)
2026-07-28T11:52:16.478+07:00 ERROR 88700 --- [library-management] [http-nio-8080-exec-4] c.e.l.exception.GlobalExceptionHandler   : Exception code 500: JSON parse error: Cannot deserialize value of type `java.lang.Long` from Object value (token `JsonToken.START_OBJECT`)
2026-07-28T11:52:16.488+07:00  INFO 88700 --- [library-management] [http-nio-8080-exec-9] c.e.library_management.util.AuditLogger  : [Updated role for @{}, ID #{} to {}] marcus_v
2026-07-28T11:52:16.487+07:00  INFO 88700 --- [library-management] [http-nio-8080-exec-2] c.e.library_management.util.AuditLogger  : [Updated role for @{}, ID #{} to {}] marcus_v
2026-07-28T11:52:39.866+07:00  INFO 88700 --- [library-management] [SpringApplicationShutdownHook] o.s.boot.tomcat.GracefulShutdown         : Commencing graceful shutdown. Waiting for active requests to complete
2026-07-28T11:52:39.878+07:00  INFO 88700 --- [library-management] [tomcat-shutdown] o.s.boot.tomcat.GracefulShutdown         : Graceful shutdown complete
2026-07-28T11:52:39.887+07:00  INFO 88700 --- [library-management] [SpringApplicationShutdownHook] j.LocalContainerEntityManagerFactoryBean : Closing JPA EntityManagerFactory for persistence unit 'default'
2026-07-28T11:52:39.892+07:00  INFO 88700 --- [library-management] [SpringApplicationShutdownHook] com.zaxxer.hikari.HikariDataSource       : HikariPool-1 - Shutdown initiated...
2026-07-28T11:52:39.900+07:00  INFO 88700 --- [library-management] [SpringApplicationShutdownHook] com.zaxxer.hikari.HikariDataSource       : HikariPool-1 - Shutdown completed.
2026-07-28T11:52:45.381+07:00  INFO 53032 --- [library-management] [main] c.e.l.LibraryManagementApplication       : Starting LibraryManagementApplication using Java 23.0.2 with PID 53032 (C:\Users\baona\Desktop\School\25-26\Co-op 26\TT Viettel\Project\TT_Viettel_Software-Library_Management\be\target\classes started by baona in C:\Users\baona\Desktop\School\25-26\Co-op 26\TT Viettel\Project\TT_Viettel_Software-Library_Management\be)
2026-07-28T11:52:45.381+07:00  INFO 53032 --- [library-management] [main] c.e.l.LibraryManagementApplication       : No active profile set, falling back to 1 default profile: "default"
2026-07-28T11:52:46.246+07:00  INFO 53032 --- [library-management] [main] .s.d.r.c.RepositoryConfigurationDelegate : Bootstrapping Spring Data JPA repositories in DEFAULT mode.
2026-07-28T11:52:46.309+07:00  INFO 53032 --- [library-management] [main] .s.d.r.c.RepositoryConfigurationDelegate : Finished Spring Data repository scanning in 56 ms. Found 9 JPA repository interfaces.
2026-07-28T11:52:46.853+07:00  INFO 53032 --- [library-management] [main] o.s.boot.tomcat.TomcatWebServer          : Tomcat initialized with port 8080 (http)
2026-07-28T11:52:46.864+07:00  INFO 53032 --- [library-management] [main] o.apache.catalina.core.StandardService   : Starting service [Tomcat]
2026-07-28T11:52:46.864+07:00  INFO 53032 --- [library-management] [main] o.apache.catalina.core.StandardEngine    : Starting Servlet engine: [Apache Tomcat/11.0.21]
2026-07-28T11:52:46.904+07:00  INFO 53032 --- [library-management] [main] b.w.c.s.WebApplicationContextInitializer : Root WebApplicationContext: initialization completed in 1464 ms
2026-07-28T11:52:47.018+07:00  INFO 53032 --- [library-management] [main] org.hibernate.orm.jpa                    : HHH008540: Processing PersistenceUnitInfo [name: default]
2026-07-28T11:52:47.072+07:00  INFO 53032 --- [library-management] [main] org.hibernate.orm.core                   : HHH000001: Hibernate ORM core version 7.2.12.Final
2026-07-28T11:52:47.455+07:00  INFO 53032 --- [library-management] [main] o.s.o.j.p.SpringPersistenceUnitInfo      : No LoadTimeWeaver setup: ignoring JPA class transformer
2026-07-28T11:52:47.483+07:00  INFO 53032 --- [library-management] [main] com.zaxxer.hikari.HikariDataSource       : HikariPool-1 - Starting...
2026-07-28T11:52:47.833+07:00  INFO 53032 --- [library-management] [main] com.zaxxer.hikari.pool.HikariPool        : HikariPool-1 - Added connection com.mysql.cj.jdbc.ConnectionImpl@220be130
2026-07-28T11:52:47.834+07:00  INFO 53032 --- [library-management] [main] com.zaxxer.hikari.HikariDataSource       : HikariPool-1 - Start completed.
2026-07-28T11:52:47.915+07:00  INFO 53032 --- [library-management] [main] org.hibernate.orm.connections.pooling    : HHH10001005: Database info:
	Database JDBC URL [jdbc:mysql://localhost:3306/library_db?zeroDateTimeBehavior=CONVERT_TO_NULL]
	Database driver: MySQL Connector/J
	Database dialect: MySQLDialect
	Database version: 8.0.39
	Default catalog/schema: library_db/undefined
	Autocommit mode: undefined/unknown
	Isolation level: REPEATABLE_READ [default REPEATABLE_READ]
	JDBC fetch size: none
	Pool: DataSourceConnectionProvider
	Minimum pool size: undefined/unknown
	Maximum pool size: undefined/unknown
2026-07-28T11:52:48.886+07:00  INFO 53032 --- [library-management] [main] org.hibernate.orm.core                   : HHH000489: No JTA platform available (set 'hibernate.transaction.jta.platform' to enable JTA platform integration)
2026-07-28T11:52:48.971+07:00  INFO 53032 --- [library-management] [main] j.LocalContainerEntityManagerFactoryBean : Initialized JPA EntityManagerFactory for persistence unit 'default'
2026-07-28T11:52:49.022+07:00  INFO 53032 --- [library-management] [main] o.s.d.j.r.query.QueryEnhancerFactories   : Hibernate is in classpath; If applicable, HQL parser will be used.
2026-07-28T11:52:49.338+07:00  INFO 53032 --- [library-management] [main] eAuthenticationProviderManagerConfigurer : Global AuthenticationManager configured with AuthenticationProvider bean with name authenticationProvider
2026-07-28T11:52:49.339+07:00  WARN 53032 --- [library-management] [main] r$InitializeUserDetailsManagerConfigurer : Global AuthenticationManager configured with an AuthenticationProvider bean. UserDetailsService beans will not be used by Spring Security for automatically configuring username/password login. Consider removing the AuthenticationProvider bean. Alternatively, consider using the UserDetailsService in a manually instantiated DaoAuthenticationProvider. If the current configuration is intentional, to turn off this warning, increase the logging level of 'org.springframework.security.config.annotation.authentication.configuration.InitializeUserDetailsBeanManagerConfigurer' to ERROR
2026-07-28T11:52:50.454+07:00  WARN 53032 --- [library-management] [main] JpaBaseConfiguration$JpaWebConfiguration : spring.jpa.open-in-view is enabled by default. Therefore, database queries may be performed during view rendering. Explicitly configure spring.jpa.open-in-view to disable this warning
2026-07-28T11:52:50.948+07:00  INFO 53032 --- [library-management] [main] o.s.boot.tomcat.TomcatWebServer          : Tomcat started on port 8080 (http) with context path '/api'
2026-07-28T11:52:50.957+07:00  INFO 53032 --- [library-management] [main] c.e.l.LibraryManagementApplication       : Started LibraryManagementApplication in 6.046 seconds (process running for 6.544)
2026-07-28T11:52:58.747+07:00  INFO 53032 --- [library-management] [http-nio-8080-exec-1] o.a.c.c.C.[Tomcat].[localhost].[/api]    : Initializing Spring DispatcherServlet 'dispatcherServlet'
2026-07-28T11:52:58.748+07:00  INFO 53032 --- [library-management] [http-nio-8080-exec-1] o.s.web.servlet.DispatcherServlet        : Initializing Servlet 'dispatcherServlet'
2026-07-28T11:52:58.750+07:00  INFO 53032 --- [library-management] [http-nio-8080-exec-1] o.s.web.servlet.DispatcherServlet        : Completed initialization in 2 ms
2026-07-28T11:53:01.006+07:00 ERROR 53032 --- [library-management] [http-nio-8080-exec-9] c.e.l.exception.GlobalExceptionHandler   : Exception code 500: JSON parse error: Cannot deserialize value of type `java.lang.Long` from Object value (token `JsonToken.START_OBJECT`)
2026-07-28T11:53:01.006+07:00 ERROR 53032 --- [library-management] [http-nio-8080-exec-4] c.e.l.exception.GlobalExceptionHandler   : Exception code 500: JSON parse error: Cannot deserialize value of type `java.lang.Long` from Object value (token `JsonToken.START_OBJECT`)
2026-07-28T11:53:01.072+07:00  INFO 53032 --- [library-management] [http-nio-8080-exec-10] c.e.library_management.util.AuditLogger  : [Updated role for @{}, ID #{} to {}] marcus_v
2026-07-28T11:53:01.072+07:00  INFO 53032 --- [library-management] [http-nio-8080-exec-5] c.e.library_management.util.AuditLogger  : [Updated role for @{}, ID #{} to {}] marcus_v
2026-07-28T11:53:01.179+07:00  WARN 53032 --- [library-management] [http-nio-8080-exec-7] ration$PageModule$WarningLoggingModifier : Serializing PageImpl instances as-is is not supported, meaning that there is no guarantee about the stability of the resulting JSON structure!
	For a stable JSON structure, please use Spring Data's PagedModel (globally via @EnableSpringDataWebSupport(pageSerializationMode = VIA_DTO))
	or Spring HATEOAS and Spring Data's PagedResourcesAssembler as documented in https://docs.spring.io/spring-data/commons/reference/repositories/core-extensions.html#core.web.pageables.

2026-07-28T11:54:16.602+07:00  INFO 53032 --- [library-management] [http-nio-8080-exec-6] c.e.library_management.util.AuditLogger  : [Updated role for @{}, ID #{} to {}] marcus_v
2026-07-28T11:54:16.602+07:00  INFO 53032 --- [library-management] [http-nio-8080-exec-7] c.e.library_management.util.AuditLogger  : [Updated role for @{}, ID #{} to {}] marcus_v
2026-07-28T11:54:16.763+07:00  INFO 53032 --- [library-management] [http-nio-8080-exec-5] c.e.library_management.util.AuditLogger  : [Updated @{}, ID #{}] marcus_vtest
2026-07-28T11:54:16.763+07:00  INFO 53032 --- [library-management] [http-nio-8080-exec-4] c.e.library_management.util.AuditLogger  : [Updated @{}, ID #{}] marcus_vtest
2026-07-28T11:54:27.288+07:00  INFO 53032 --- [library-management] [http-nio-8080-exec-5] c.e.library_management.util.AuditLogger  : [Updated role for @{}, ID #{} to {}] marcus_vtest
2026-07-28T11:54:27.297+07:00  INFO 53032 --- [library-management] [http-nio-8080-exec-7] c.e.library_management.util.AuditLogger  : [Updated @{}, ID #{}] marcus_v
2026-07-28T11:54:27.298+07:00  INFO 53032 --- [library-management] [http-nio-8080-exec-10] c.e.library_management.util.AuditLogger  : [Updated role for @{}, ID #{} to {}] marcus_vtest
2026-07-28T11:54:27.312+07:00  INFO 53032 --- [library-management] [http-nio-8080-exec-9] c.e.library_management.util.AuditLogger  : [Updated @{}, ID #{}] marcus_v
2026-07-28T11:54:34.146+07:00  INFO 53032 --- [library-management] [http-nio-8080-exec-10] c.e.library_management.util.AuditLogger  : [Updated role for @{}, ID #{} to {}] marcus_v
2026-07-28T11:54:34.148+07:00  INFO 53032 --- [library-management] [http-nio-8080-exec-7] c.e.library_management.util.AuditLogger  : [Updated role for @{}, ID #{} to {}] marcus_v
2026-07-28T11:54:34.148+07:00  INFO 53032 --- [library-management] [http-nio-8080-exec-6] c.e.library_management.util.AuditLogger  : [Updated @{}, ID #{}] marcus_v_test
2026-07-28T11:54:34.160+07:00  INFO 53032 --- [library-management] [http-nio-8080-exec-5] c.e.library_management.util.AuditLogger  : [Updated @{}, ID #{}] marcus_v_test
2026-07-28T11:54:38.687+07:00  INFO 53032 --- [library-management] [http-nio-8080-exec-3] c.e.library_management.util.AuditLogger  : [Updated role for @{}, ID #{} to {}] marcus_v_test
2026-07-28T11:54:38.691+07:00  INFO 53032 --- [library-management] [http-nio-8080-exec-8] c.e.library_management.util.AuditLogger  : [Updated role for @{}, ID #{} to {}] marcus_v_test
2026-07-28T11:54:38.693+07:00  INFO 53032 --- [library-management] [http-nio-8080-exec-5] c.e.library_management.util.AuditLogger  : [Updated @{}, ID #{}] marcus_v_test
2026-07-28T11:54:38.703+07:00  INFO 53032 --- [library-management] [http-nio-8080-exec-4] c.e.library_management.util.AuditLogger  : [Updated @{}, ID #{}] marcus_v_test
